order_id,customer_id,order_status,order_purchase_timestamp,order_approved_at,order_delivered_carrier_date,order_delivered_customer_date,order_estimated_delivery_date,order_purchase_timestamp_year,order_purchase_timestamp_month,order_purchase_timestamp_day,order_purchase_timestamp_dayofweek,order_purchase_timestamp_quarter,order_purchase_timestamp_is_weekend,delivery_time_days,estimated_delivery_time_days,delivery_time_difference,delivered_on_time
order_1,cust_19,delivered,2022-01-01 00:00:00.000000000,2022-01-01 00:00:00.000000000,2022-01-02 00:00:00.000000000,2022-01-05 00:00:00.000000000,2022-01-10 00:00:00.000000000,2022,1,1,5,1,1,4.0,9.0,-5.0,True
order_2,cust_87,shipped,2022-01-02 19:53:58.190954773,2022-01-02 19:53:58.190954773,2022-01-03 19:53:58.190954773,2022-01-06 20:01:12.361809045,2022-01-11 20:01:12.361809045,2022,1,2,6,1,1,4.005025125628148,9.005025125628148,-5.0,True
order_3,cust_52,delivered,2022-01-04 15:47:56.381909547,2022-01-04 15:47:56.381909547,2022-01-05 15:47:56.381909547,2022-01-08 16:02:24.723618090,2022-01-13 16:02:24.723618090,2022,1,4,1,1,0,4.010050251256285,9.010050251256285,-5.0,True
order_4,cust_31,canceled,2022-01-06 11:41:54.572864321,2022-01-06 11:41:54.572864321,2022-01-07 11:41:54.572864321,2022-01-10 12:03:37.085427135,2022-01-15 12:03:37.085427135,2022,1,6,3,1,0,4.015075376884421,9.015075376884422,-5.000000000000001,True
order_5,cust_62,canceled,2022-01-08 07:35:52.763819095,2022-01-08 07:35:52.763819095,2022-01-09 07:35:52.763819095,2022-01-12 08:04:49.447236180,2022-01-17 08:04:49.447236180,2022,1,8,5,1,1,4.020100502512558,9.020100502512557,-4.999999999999999,True
order_6,cust_13,delivered,2022-01-10 03:29:50.954773869,2022-01-10 03:29:50.954773869,2022-01-11 03:29:50.954773869,2022-01-14 04:06:01.809045226,2022-01-19 04:06:01.809045226,2022,1,10,0,1,0,4.025125628140706,9.025125628140705,-4.999999999999999,True
order_7,cust_45,delivered,2022-01-11 23:23:49.145728643,2022-01-11 23:23:49.145728643,2022-01-12 23:23:49.145728643,2022-01-16 00:07:14.170854271,2022-01-21 00:07:14.170854271,2022,1,11,1,1,0,4.030150753768843,9.030150753768842,-4.999999999999999,True
order_8,cust_64,delivered,2022-01-13 19:17:47.336683417,2022-01-13 19:17:47.336683417,2022-01-14 19:17:47.336683417,2022-01-17 20:08:26.532663316,2022-01-22 20:08:26.532663316,2022,1,13,3,1,0,4.03517587939698,9.035175879396979,-4.999999999999999,True
order_9,cust_48,canceled,2022-01-15 15:11:45.527638191,2022-01-15 15:11:45.527638191,2022-01-16 15:11:45.527638191,2022-01-19 16:09:38.894472361,2022-01-24 16:09:38.894472361,2022,1,15,5,1,1,4.040201005025116,9.040201005025116,-5.0,True
order_10,cust_63,delivered,2022-01-17 11:05:43.718592965,2022-01-17 11:05:43.718592965,2022-01-18 11:05:43.718592965,2022-01-21 12:10:51.256281407,2022-01-26 12:10:51.256281407,2022,1,17,0,1,0,4.045226130653264,9.045226130653264,-5.0,True
order_11,cust_23,delivered,2022-01-19 06:59:41.909547738,2022-01-19 06:59:41.909547738,2022-01-20 06:59:41.909547738,2022-01-23 08:12:03.618090452,2022-01-28 08:12:03.618090452,2022,1,19,2,1,0,4.050251256281412,9.050251256281411,-4.999999999999999,True
order_12,cust_86,delivered,2022-01-21 02:53:40.100502512,2022-01-21 02:53:40.100502512,2022-01-22 02:53:40.100502512,2022-01-25 04:13:15.979899497,2022-01-30 04:13:15.979899497,2022,1,21,4,1,0,4.0552763819095485,9.055276381909549,-5.0,True
order_13,cust_12,processing,2022-01-22 22:47:38.291457286,2022-01-22 22:47:38.291457286,2022-01-23 22:47:38.291457286,2022-01-27 00:14:28.341708542,2022-02-01 00:14:28.341708542,2022,1,22,5,1,1,4.060301507537685,9.060301507537686,-5.000000000000001,True
order_14,cust_81,delivered,2022-01-24 18:41:36.482412060,2022-01-24 18:41:36.482412060,2022-01-25 18:41:36.482412060,2022-01-28 20:15:40.703517587,2022-02-02 20:15:40.703517587,2022,1,24,0,1,0,4.065326633165822,9.065326633165823,-5.000000000000001,True
order_15,cust_80,processing,2022-01-26 14:35:34.673366834,2022-01-26 14:35:34.673366834,2022-01-27 14:35:34.673366834,2022-01-30 16:16:53.065326633,2022-02-04 16:16:53.065326633,2022,1,26,2,1,0,4.0703517587939695,9.07035175879397,-5.000000000000001,True
order_16,cust_62,delivered,2022-01-28 10:29:32.864321608,2022-01-28 10:29:32.864321608,2022-01-29 10:29:32.864321608,2022-02-01 12:18:05.427135678,2022-02-06 12:18:05.427135678,2022,1,28,4,1,0,4.0753768844221065,9.075376884422107,-5.000000000000001,True
order_17,cust_14,shipped,2022-01-30 06:23:31.055276382,2022-01-30 06:23:31.055276382,2022-01-31 06:23:31.055276382,2022-02-03 08:19:17.788944723,2022-02-08 08:19:17.788944723,2022,1,30,6,1,1,4.080402010050244,9.080402010050243,-4.999999999999999,True
order_18,cust_97,delivered,2022-02-01 02:17:29.246231156,2022-02-01 02:17:29.246231156,2022-02-02 02:17:29.246231156,2022-02-05 04:20:30.150753768,2022-02-10 04:20:30.150753768,2022,2,1,1,1,0,4.08542713567838,9.08542713567838,-5.0,True
order_19,cust_96,delivered,2022-02-02 22:11:27.437185930,2022-02-02 22:11:27.437185930,2022-02-03 22:11:27.437185930,2022-02-07 00:21:42.512562814,2022-02-12 00:21:42.512562814,2022,2,2,2,1,0,4.090452261306528,9.090452261306528,-4.999999999999999,True
order_20,cust_9,shipped,2022-02-04 18:05:25.628140703,2022-02-04 18:05:25.628140703,2022-02-05 18:05:25.628140703,2022-02-08 20:22:54.874371859,2022-02-13 20:22:54.874371859,2022,2,4,4,1,0,4.095477386934676,9.095477386934677,-5.000000000000001,True
order_21,cust_54,delivered,2022-02-06 13:59:23.819095477,2022-02-06 13:59:23.819095477,2022-02-07 13:59:23.819095477,2022-02-10 16:24:07.236180904,2022-02-15 16:24:07.236180904,2022,2,6,6,1,1,4.100502512562812,9.100502512562812,-5.0,True
order_22,cust_8,delivered,2022-02-08 09:53:22.010050251,2022-02-08 09:53:22.010050251,2022-02-09 09:53:22.010050251,2022-02-12 12:25:19.597989949,2022-02-17 12:25:19.597989949,2022,2,8,1,1,0,4.105527638190949,9.10552763819095,-5.0,True
order_23,cust_96,delivered,2022-02-10 05:47:20.201005025,2022-02-10 05:47:20.201005025,2022-02-11 05:47:20.201005025,2022-02-14 08:26:31.959798995,2022-02-19 08:26:31.959798995,2022,2,10,3,1,0,4.110552763819097,9.110552763819097,-5.0,True
order_24,cust_93,delivered,2022-02-12 01:41:18.391959799,2022-02-12 01:41:18.391959799,2022-02-13 01:41:18.391959799,2022-02-16 04:27:44.321608040,2022-02-21 04:27:44.321608040,2022,2,12,5,1,1,4.115577889447234,9.115577889447234,-5.0,True
order_25,cust_22,delivered,2022-02-13 21:35:16.582914573,2022-02-13 21:35:16.582914573,2022-02-14 21:35:16.582914573,2022-02-18 00:28:56.683417085,2022-02-23 00:28:56.683417085,2022,2,13,6,1,1,4.12060301507537,9.12060301507537,-4.999999999999999,True
order_26,cust_30,delivered,2022-02-15 17:29:14.773869347,2022-02-15 17:29:14.773869347,2022-02-16 17:29:14.773869347,2022-02-19 20:30:09.045226130,2022-02-24 20:30:09.045226130,2022,2,15,1,1,0,4.1256281407035065,9.125628140703506,-5.0,True
order_27,cust_83,canceled,2022-02-17 13:23:12.964824121,2022-02-17 13:23:12.964824121,2022-02-18 13:23:12.964824121,2022-02-21 16:31:21.407035175,2022-02-26 16:31:21.407035175,2022,2,17,3,1,0,4.1306532663316435,9.130653266331644,-5.0,True
order_28,cust_57,processing,2022-02-19 09:17:11.155778894,2022-02-19 09:17:11.155778894,2022-02-20 09:17:11.155778894,2022-02-23 12:32:33.768844221,2022-02-28 12:32:33.768844221,2022,2,19,5,1,1,4.135678391959803,9.135678391959804,-5.000000000000001,True
order_29,cust_6,delivered,2022-02-21 05:11:09.346733668,2022-02-21 05:11:09.346733668,2022-02-22 05:11:09.346733668,2022-02-25 08:33:46.130653266,2022-03-02 08:33:46.130653266,2022,2,21,0,1,0,4.14070351758794,9.140703517587939,-4.999999999999999,True
order_30,cust_6,delivered,2022-02-23 01:05:07.537688442,2022-02-23 01:05:07.537688442,2022-02-24 01:05:07.537688442,2022-02-27 04:34:58.492462311,2022-03-04 04:34:58.492462311,2022,2,23,2,1,0,4.145728643216077,9.145728643216076,-4.999999999999999,True
order_31,cust_94,processing,2022-02-24 20:59:05.728643216,2022-02-24 20:59:05.728643216,2022-02-25 20:59:05.728643216,2022-03-01 00:36:10.854271357,2022-03-06 00:36:10.854271357,2022,2,24,3,1,0,4.150753768844225,9.150753768844224,-4.999999999999999,True
order_32,cust_82,processing,2022-02-26 16:53:03.919597990,2022-02-26 16:53:03.919597990,2022-02-27 16:53:03.919597990,2022-03-02 20:37:23.216080402,2022-03-07 20:37:23.216080402,2022,2,26,5,1,1,4.155778894472362,9.15577889447236,-4.999999999999999,True
order_33,cust_3,shipped,2022-02-28 12:47:02.110552764,2022-02-28 12:47:02.110552764,2022-03-01 12:47:02.110552764,2022-03-04 16:38:35.577889447,2022-03-09 16:38:35.577889447,2022,2,28,0,1,0,4.160804020100498,9.160804020100498,-5.0,True
order_34,cust_89,delivered,2022-03-02 08:41:00.301507538,2022-03-02 08:41:00.301507538,2022-03-03 08:41:00.301507538,2022-03-06 12:39:47.939698492,2022-03-11 12:39:47.939698492,2022,3,2,2,1,0,4.165829145728634,9.165829145728635,-5.000000000000001,True
order_35,cust_25,delivered,2022-03-04 04:34:58.492462312,2022-03-04 04:34:58.492462312,2022-03-05 04:34:58.492462312,2022-03-08 08:41:00.301507537,2022-03-13 08:41:00.301507537,2022,3,4,4,1,0,4.17085427135677,9.170854271356772,-5.000000000000002,True
order_36,cust_77,delivered,2022-03-06 00:28:56.683417086,2022-03-06 00:28:56.683417086,2022-03-07 00:28:56.683417086,2022-03-10 04:42:12.663316583,2022-03-15 04:42:12.663316583,2022,3,6,6,1,1,4.175879396984919,9.17587939698492,-5.000000000000001,True
order_37,cust_74,delivered,2022-03-07 20:22:54.874371860,2022-03-07 20:22:54.874371860,2022-03-08 20:22:54.874371860,2022-03-12 00:43:25.025125628,2022-03-17 00:43:25.025125628,2022,3,7,0,1,0,4.180904522613055,9.180904522613057,-5.000000000000002,True
order_38,cust_86,delivered,2022-03-09 16:16:53.065326633,2022-03-09 16:16:53.065326633,2022-03-10 16:16:53.065326633,2022-03-13 20:44:37.386934673,2022-03-18 20:44:37.386934673,2022,3,9,2,1,0,4.185929648241204,9.185929648241205,-5.000000000000001,True
order_39,cust_62,delivered,2022-03-11 12:10:51.256281407,2022-03-11 12:10:51.256281407,2022-03-12 12:10:51.256281407,2022-03-15 16:45:49.748743718,2022-03-20 16:45:49.748743718,2022,3,11,4,1,0,4.190954773869341,9.190954773869342,-5.000000000000001,True
order_40,cust_36,delivered,2022-03-13 08:04:49.447236181,2022-03-13 08:04:49.447236181,2022-03-14 08:04:49.447236181,2022-03-17 12:47:02.110552764,2022-03-22 12:47:02.110552764,2022,3,13,6,1,1,4.195979899497488,9.19597989949749,-5.000000000000001,True
order_41,cust_59,delivered,2022-03-15 03:58:47.638190955,2022-03-15 03:58:47.638190955,2022-03-16 03:58:47.638190955,2022-03-19 08:48:14.472361809,2022-03-24 08:48:14.472361809,2022,3,15,1,1,0,4.2010050251256255,9.201005025125625,-4.999999999999999,True
order_42,cust_24,delivered,2022-03-16 23:52:45.829145729,2022-03-16 23:52:45.829145729,2022-03-17 23:52:45.829145729,2022-03-21 04:49:26.834170854,2022-03-26 04:49:26.834170854,2022,3,16,2,1,0,4.206030150753762,9.206030150753762,-5.0,True
order_43,cust_5,delivered,2022-03-18 19:46:44.020100503,2022-03-18 19:46:44.020100503,2022-03-19 19:46:44.020100503,2022-03-23 00:50:39.195979899,2022-03-28 00:50:39.195979899,2022,3,18,4,1,0,4.211055276381898,9.211055276381899,-5.000000000000001,True
order_44,cust_7,delivered,2022-03-20 15:40:42.211055277,2022-03-20 15:40:42.211055277,2022-03-21 15:40:42.211055277,2022-03-24 20:51:51.557788944,2022-03-29 20:51:51.557788944,2022,3,20,6,1,1,4.216080402010035,9.216080402010034,-4.999999999999999,True
order_45,cust_3,delivered,2022-03-22 11:34:40.402010050,2022-03-22 11:34:40.402010050,2022-03-23 11:34:40.402010050,2022-03-26 16:53:03.919597990,2022-03-31 16:53:03.919597990,2022,3,22,1,1,0,4.221105527638194,9.221105527638194,-5.0,True
order_46,cust_43,delivered,2022-03-24 07:28:38.592964824,2022-03-24 07:28:38.592964824,2022-03-25 07:28:38.592964824,2022-03-28 12:54:16.281407035,2022-04-02 12:54:16.281407035,2022,3,24,3,1,0,4.226130653266331,9.226130653266331,-5.0,True
order_47,cust_26,delivered,2022-03-26 03:22:36.783919598,2022-03-26 03:22:36.783919598,2022-03-27 03:22:36.783919598,2022-03-30 08:55:28.643216080,2022-04-04 08:55:28.643216080,2022,3,26,5,1,1,4.231155778894467,9.231155778894468,-5.000000000000001,True
order_48,cust_27,canceled,2022-03-27 23:16:34.974874372,2022-03-27 23:16:34.974874372,2022-03-28 23:16:34.974874372,2022-04-01 04:56:41.005025125,2022-04-06 04:56:41.005025125,2022,3,27,6,1,1,4.2361809045226035,9.236180904522604,-5.0,True
order_49,cust_66,processing,2022-03-29 19:10:33.165829146,2022-03-29 19:10:33.165829146,2022-03-30 19:10:33.165829146,2022-04-03 00:57:53.366834170,2022-04-08 00:57:53.366834170,2022,3,29,1,1,0,4.241206030150741,9.24120603015074,-5.0,True
order_50,cust_31,delivered,2022-03-31 15:04:31.356783920,2022-03-31 15:04:31.356783920,2022-04-01 15:04:31.356783920,2022-04-04 20:59:05.728643216,2022-04-09 20:59:05.728643216,2022,3,31,3,1,0,4.246231155778889,9.246231155778888,-4.999999999999999,True
order_51,cust_89,shipped,2022-04-02 10:58:29.547738694,2022-04-02 10:58:29.547738694,2022-04-03 10:58:29.547738694,2022-04-06 17:00:18.090452261,2022-04-11 17:00:18.090452261,2022,4,2,5,2,1,4.251256281407025,9.251256281407025,-5.0,True
order_52,cust_73,delivered,2022-04-04 06:52:27.738693468,2022-04-04 06:52:27.738693468,2022-04-05 06:52:27.738693468,2022-04-08 13:01:30.452261306,2022-04-13 13:01:30.452261306,2022,4,4,0,2,0,4.2562814070351624,9.25628140703516,-4.999999999999998,True
order_53,cust_44,shipped,2022-04-06 02:46:25.929648242,2022-04-06 02:46:25.929648242,2022-04-07 02:46:25.929648242,2022-04-10 09:02:42.814070351,2022-04-15 09:02:42.814070351,2022,4,6,2,2,0,4.261306532663299,9.261306532663298,-4.999999999999999,True
order_54,cust_100,delivered,2022-04-07 22:40:24.120603015,2022-04-07 22:40:24.120603015,2022-04-08 22:40:24.120603015,2022-04-12 05:03:55.175879397,2022-04-17 05:03:55.175879397,2022,4,7,3,2,0,4.266331658291459,9.266331658291458,-4.999999999999999,True
order_55,cust_95,processing,2022-04-09 18:34:22.311557789,2022-04-09 18:34:22.311557789,2022-04-10 18:34:22.311557789,2022-04-14 01:05:07.537688442,2022-04-19 01:05:07.537688442,2022,4,9,5,2,1,4.271356783919595,9.271356783919595,-5.0,True
order_56,cust_97,canceled,2022-04-11 14:28:20.502512563,2022-04-11 14:28:20.502512563,2022-04-12 14:28:20.502512563,2022-04-15 21:06:19.899497487,2022-04-20 21:06:19.899497487,2022,4,11,0,2,0,4.276381909547731,9.276381909547732,-5.000000000000001,True
order_57,cust_30,shipped,2022-04-13 10:22:18.693467337,2022-04-13 10:22:18.693467337,2022-04-14 10:22:18.693467337,2022-04-17 17:07:32.261306532,2022-04-22 17:07:32.261306532,2022,4,13,2,2,0,4.281407035175868,9.281407035175869,-5.000000000000001,True
order_58,cust_80,delivered,2022-04-15 06:16:16.884422110,2022-04-15 06:16:16.884422110,2022-04-16 06:16:16.884422110,2022-04-19 13:08:44.623115578,2022-04-24 13:08:44.623115578,2022,4,15,4,2,0,4.2864321608040274,9.286432160804027,-5.0,True
order_59,cust_67,processing,2022-04-17 02:10:15.075376884,2022-04-17 02:10:15.075376884,2022-04-18 02:10:15.075376884,2022-04-21 09:09:56.984924622,2022-04-26 09:09:56.984924622,2022,4,17,6,2,1,4.291457286432152,9.291457286432154,-5.000000000000002,True
order_60,cust_53,canceled,2022-04-18 22:04:13.266331658,2022-04-18 22:04:13.266331658,2022-04-19 22:04:13.266331658,2022-04-23 05:11:09.346733668,2022-04-28 05:11:09.346733668,2022,4,18,0,2,0,4.296482412060301,9.296482412060302,-5.000000000000001,True
order_61,cust_49,shipped,2022-04-20 17:58:11.457286432,2022-04-20 17:58:11.457286432,2022-04-21 17:58:11.457286432,2022-04-25 01:12:21.708542714,2022-04-30 01:12:21.708542714,2022,4,20,2,2,0,4.301507537688448,9.30150753768845,-5.000000000000001,True
order_62,cust_42,delivered,2022-04-22 13:52:09.648241206,2022-04-22 13:52:09.648241206,2022-04-23 13:52:09.648241206,2022-04-26 21:13:34.070351758,2022-05-01 21:13:34.070351758,2022,4,22,4,2,0,4.306532663316575,9.306532663316574,-4.999999999999999,True
order_63,cust_69,canceled,2022-04-24 09:46:07.839195980,2022-04-24 09:46:07.839195980,2022-04-25 09:46:07.839195980,2022-04-28 17:14:46.432160804,2022-05-03 17:14:46.432160804,2022,4,24,6,2,1,4.3115577889447225,9.311557788944723,-5.000000000000001,True
order_64,cust_38,delivered,2022-04-26 05:40:06.030150754,2022-04-26 05:40:06.030150754,2022-04-27 05:40:06.030150754,2022-04-30 13:15:58.793969848,2022-05-05 13:15:58.793969848,2022,4,26,1,2,0,4.316582914572847,9.316582914572848,-5.000000000000001,True
order_65,cust_45,delivered,2022-04-28 01:34:04.221105528,2022-04-28 01:34:04.221105528,2022-04-29 01:34:04.221105528,2022-05-02 09:17:11.155778894,2022-05-07 09:17:11.155778894,2022,4,28,3,2,0,4.321608040200996,9.321608040200996,-5.0,True
order_66,cust_57,delivered,2022-04-29 21:28:02.412060302,2022-04-29 21:28:02.412060302,2022-04-30 21:28:02.412060302,2022-05-04 05:18:23.517587940,2022-05-09 05:18:23.517587940,2022,4,29,4,2,0,4.3266331658291435,9.326633165829143,-5.0,True
order_67,cust_28,delivered,2022-05-01 17:22:00.603015076,2022-05-01 17:22:00.603015076,2022-05-02 17:22:00.603015076,2022-05-06 01:19:35.879396984,2022-05-11 01:19:35.879396984,2022,5,1,6,2,1,4.331658291457268,9.331658291457268,-5.0,True
order_68,cust_82,delivered,2022-05-03 13:15:58.793969850,2022-05-03 13:15:58.793969850,2022-05-04 13:15:58.793969850,2022-05-07 21:20:48.241206030,2022-05-12 21:20:48.241206030,2022,5,3,1,2,0,4.336683417085417,9.336683417085416,-4.999999999999999,True
order_69,cust_79,shipped,2022-05-05 09:09:56.984924624,2022-05-05 09:09:56.984924624,2022-05-06 09:09:56.984924624,2022-05-09 17:22:00.603015074,2022-05-14 17:22:00.603015074,2022,5,5,3,2,0,4.341708542713541,9.34170854271354,-4.999999999999999,True
order_70,cust_100,delivered,2022-05-07 05:03:55.175879398,2022-05-07 05:03:55.175879398,2022-05-08 05:03:55.175879398,2022-05-11 13:23:12.964824120,2022-05-16 13:23:12.964824120,2022,5,7,5,2,1,4.34673366834169,9.34673366834169,-5.0,True
order_71,cust_75,processing,2022-05-09 00:57:53.366834172,2022-05-09 00:57:53.366834172,2022-05-10 00:57:53.366834172,2022-05-13 09:24:25.326633166,2022-05-18 09:24:25.326633166,2022,5,9,0,2,0,4.351758793969838,9.351758793969838,-5.0,True
order_72,cust_35,delivered,2022-05-10 20:51:51.557788946,2022-05-10 20:51:51.557788946,2022-05-11 20:51:51.557788946,2022-05-15 05:25:37.688442210,2022-05-20 05:25:37.688442210,2022,5,10,1,2,0,4.356783919597963,9.356783919597962,-4.999999999999999,True
order_73,cust_85,delivered,2022-05-12 16:45:49.748743720,2022-05-12 16:45:49.748743720,2022-05-13 16:45:49.748743720,2022-05-17 01:26:50.050251256,2022-05-22 01:26:50.050251256,2022,5,12,3,2,0,4.361809045226111,9.36180904522611,-4.999999999999999,True
order_74,cust_49,delivered,2022-05-14 12:39:47.939698492,2022-05-14 12:39:47.939698492,2022-05-15 12:39:47.939698492,2022-05-18 21:28:02.412060300,2022-05-23 21:28:02.412060300,2022,5,14,5,2,1,4.3668341708542595,9.366834170854258,-4.999999999999998,True
order_75,cust_22,delivered,2022-05-16 08:33:46.130653266,2022-05-16 08:33:46.130653266,2022-05-17 08:33:46.130653266,2022-05-20 17:29:14.773869346,2022-05-25 17:29:14.773869346,2022,5,16,0,2,0,4.371859296482407,9.371859296482407,-5.0,True
order_76,cust_58,delivered,2022-05-18 04:27:44.321608040,2022-05-18 04:27:44.321608040,2022-05-19 04:27:44.321608040,2022-05-22 13:30:27.135678392,2022-05-27 13:30:27.135678392,2022,5,18,2,2,0,4.376884422110556,9.376884422110555,-4.999999999999999,True
order_77,cust_80,delivered,2022-05-20 00:21:42.512562814,2022-05-20 00:21:42.512562814,2022-05-21 00:21:42.512562814,2022-05-24 09:31:39.497487436,2022-05-29 09:31:39.497487436,2022,5,20,4,2,0,4.3819095477386805,9.381909547738681,-5.000000000000001,True
order_78,cust_35,delivered,2022-05-21 20:15:40.703517588,2022-05-21 20:15:40.703517588,2022-05-22 20:15:40.703517588,2022-05-26 05:32:51.859296482,2022-05-31 05:32:51.859296482,2022,5,21,5,2,1,4.386934673366829,9.386934673366829,-5.0,True
order_79,cust_60,delivered,2022-05-23 16:09:38.894472362,2022-05-23 16:09:38.894472362,2022-05-24 16:09:38.894472362,2022-05-28 01:34:04.221105528,2022-06-02 01:34:04.221105528,2022,5,23,0,2,0,4.391959798994977,9.391959798994977,-5.0,True
order_80,cust_73,delivered,2022-05-25 12:03:37.085427136,2022-05-25 12:03:37.085427136,2022-05-26 12:03:37.085427136,2022-05-29 21:35:16.582914572,2022-06-03 21:35:16.582914572,2022,5,25,2,2,0,4.396984924623101,9.396984924623103,-5.000000000000002,True
order_81,cust_33,canceled,2022-05-27 07:57:35.276381910,2022-05-27 07:57:35.276381910,2022-05-28 07:57:35.276381910,2022-05-31 17:36:28.944723618,2022-06-05 17:36:28.944723618,2022,5,27,4,2,0,4.40201005025125,9.402010050251251,-5.000000000000001,True
order_82,cust_60,canceled,2022-05-29 03:51:33.467336684,2022-05-29 03:51:33.467336684,2022-05-30 03:51:33.467336684,2022-06-02 13:37:41.306532662,2022-06-07 13:37:41.306532662,2022,5,29,6,2,1,4.4070351758793755,9.407035175879376,-5.0,True
order_83,cust_41,shipped,2022-05-30 23:45:31.658291458,2022-05-30 23:45:31.658291458,2022-05-31 23:45:31.658291458,2022-06-04 09:38:53.668341708,2022-06-09 09:38:53.668341708,2022,5,30,0,2,0,4.412060301507523,9.412060301507523,-5.0,True
order_84,cust_3,processing,2022-06-01 19:39:29.849246232,2022-06-01 19:39:29.849246232,2022-06-02 19:39:29.849246232,2022-06-06 05:40:06.030150754,2022-06-11 05:40:06.030150754,2022,6,1,2,2,0,4.417085427135672,9.417085427135671,-4.999999999999999,True
order_85,cust_24,delivered,2022-06-03 15:33:28.040201006,2022-06-03 15:33:28.040201006,2022-06-04 15:33:28.040201006,2022-06-08 01:41:18.391959798,2022-06-13 01:41:18.391959798,2022,6,3,4,2,0,4.4221105527637965,9.422110552763796,-4.999999999999999,True
order_86,cust_24,shipped,2022-06-05 11:27:26.231155780,2022-06-05 11:27:26.231155780,2022-06-06 11:27:26.231155780,2022-06-09 21:42:30.753768844,2022-06-14 21:42:30.753768844,2022,6,5,6,2,1,4.427135678391944,9.427135678391945,-5.000000000000001,True
order_87,cust_91,processing,2022-06-07 07:21:24.422110554,2022-06-07 07:21:24.422110554,2022-06-08 07:21:24.422110554,2022-06-11 17:43:43.115577888,2022-06-16 17:43:43.115577888,2022,6,7,1,2,0,4.432160804020069,9.43216080402007,-5.000000000000001,True
order_88,cust_68,delivered,2022-06-09 03:15:22.613065328,2022-06-09 03:15:22.613065328,2022-06-10 03:15:22.613065328,2022-06-13 13:44:55.477386934,2022-06-18 13:44:55.477386934,2022,6,9,3,2,0,4.4371859296482175,9.437185929648217,-5.0,True
order_89,cust_60,delivered,2022-06-10 23:09:20.804020100,2022-06-10 23:09:20.804020100,2022-06-11 23:09:20.804020100,2022-06-15 09:46:07.839195980,2022-06-20 09:46:07.839195980,2022,6,10,4,2,0,4.442211055276389,9.442211055276388,-4.999999999999999,True
order_90,cust_80,delivered,2022-06-12 19:03:18.994974874,2022-06-12 19:03:18.994974874,2022-06-13 19:03:18.994974874,2022-06-17 05:47:20.201005024,2022-06-22 05:47:20.201005024,2022,6,12,6,2,1,4.447236180904514,9.447236180904513,-4.999999999999999,True
order_91,cust_22,shipped,2022-06-14 14:57:17.185929648,2022-06-14 14:57:17.185929648,2022-06-15 14:57:17.185929648,2022-06-19 01:48:32.562814070,2022-06-24 01:48:32.562814070,2022,6,14,1,2,0,4.4522613065326615,9.452261306532662,-5.000000000000001,True
order_92,cust_28,delivered,2022-06-16 10:51:15.376884422,2022-06-16 10:51:15.376884422,2022-06-17 10:51:15.376884422,2022-06-20 21:49:44.924623114,2022-06-25 21:49:44.924623114,2022,6,16,3,2,0,4.457286432160787,9.457286432160787,-5.0,True
order_93,cust_62,delivered,2022-06-18 06:45:13.567839196,2022-06-18 06:45:13.567839196,2022-06-19 06:45:13.567839196,2022-06-22 17:50:57.286432160,2022-06-27 17:50:57.286432160,2022,6,18,5,2,1,4.462311557788935,9.462311557788935,-5.0,True
order_94,cust_74,delivered,2022-06-20 02:39:11.758793970,2022-06-20 02:39:11.758793970,2022-06-21 02:39:11.758793970,2022-06-24 13:52:09.648241206,2022-06-29 13:52:09.648241206,2022,6,20,0,2,0,4.467336683417083,9.467336683417082,-4.999999999999999,True
order_95,cust_78,delivered,2022-06-21 22:33:09.949748744,2022-06-21 22:33:09.949748744,2022-06-22 22:33:09.949748744,2022-06-26 09:53:22.010050250,2022-07-01 09:53:22.010050250,2022,6,21,1,2,0,4.472361809045209,9.472361809045207,-4.999999999999998,True
order_96,cust_69,delivered,2022-06-23 18:27:08.140703518,2022-06-23 18:27:08.140703518,2022-06-24 18:27:08.140703518,2022-06-28 05:54:34.371859296,2022-07-03 05:54:34.371859296,2022,6,23,3,2,0,4.477386934673357,9.477386934673357,-5.0,True
order_97,cust_86,delivered,2022-06-25 14:21:06.331658292,2022-06-25 14:21:06.331658292,2022-06-26 14:21:06.331658292,2022-06-30 01:55:46.733668340,2022-07-05 01:55:46.733668340,2022,6,25,5,2,1,4.482412060301481,9.482412060301481,-5.0,True
order_98,cust_18,delivered,2022-06-27 10:15:04.522613066,2022-06-27 10:15:04.522613066,2022-06-28 10:15:04.522613066,2022-07-01 21:56:59.095477386,2022-07-06 21:56:59.095477386,2022,6,27,0,2,0,4.48743718592963,9.487437185929629,-4.999999999999999,True
order_99,cust_53,delivered,2022-06-29 06:09:02.713567840,2022-06-29 06:09:02.713567840,2022-06-30 06:09:02.713567840,2022-07-03 17:58:11.457286432,2022-07-08 17:58:11.457286432,2022,6,29,2,2,0,4.4924623115577775,9.492462311557778,-5.000000000000001,True
order_100,cust_70,delivered,2022-07-01 02:03:00.904522614,2022-07-01 02:03:00.904522614,2022-07-02 02:03:00.904522614,2022-07-05 13:59:23.819095476,2022-07-10 13:59:23.819095476,2022,7,1,4,3,0,4.497487437185902,9.497487437185903,-5.000000000000001,True
order_101,cust_32,delivered,2022-07-02 21:56:59.095477388,2022-07-02 21:56:59.095477388,2022-07-03 21:56:59.095477388,2022-07-07 10:00:36.180904522,2022-07-12 10:00:36.180904522,2022,7,2,5,3,1,4.502512562814051,9.50251256281405,-5.0,True
order_102,cust_2,delivered,2022-07-04 17:50:57.286432162,2022-07-04 17:50:57.286432162,2022-07-05 17:50:57.286432162,2022-07-09 06:01:48.542713568,2022-07-14 06:01:48.542713568,2022,7,4,0,3,0,4.5075376884421985,9.5075376884422,-5.000000000000002,True
order_103,cust_67,delivered,2022-07-06 13:44:55.477386936,2022-07-06 13:44:55.477386936,2022-07-07 13:44:55.477386936,2022-07-11 02:03:00.904522612,2022-07-16 02:03:00.904522612,2022,7,6,2,3,0,4.512562814070324,9.512562814070325,-5.000000000000001,True
order_104,cust_52,canceled,2022-07-08 09:38:53.668341710,2022-07-08 09:38:53.668341710,2022-07-09 09:38:53.668341710,2022-07-12 22:04:13.266331658,2022-07-17 22:04:13.266331658,2022,7,8,4,3,0,4.517587939698473,9.517587939698473,-5.0,True
order_105,cust_35,shipped,2022-07-10 05:32:51.859296484,2022-07-10 05:32:51.859296484,2022-07-11 05:32:51.859296484,2022-07-14 18:05:25.628140702,2022-07-19 18:05:25.628140702,2022,7,10,6,3,1,4.522613065326597,9.522613065326597,-5.0,True
order_106,cust_76,canceled,2022-07-12 01:26:50.050251256,2022-07-12 01:26:50.050251256,2022-07-13 01:26:50.050251256,2022-07-16 14:06:37.989949748,2022-07-21 14:06:37.989949748,2022,7,12,1,3,0,4.527638190954769,9.527638190954768,-4.999999999999999,True
order_107,cust_33,delivered,2022-07-13 21:20:48.241206030,2022-07-13 21:20:48.241206030,2022-07-14 21:20:48.241206030,2022-07-18 10:07:50.351758794,2022-07-23 10:07:50.351758794,2022,7,13,2,3,0,4.532663316582917,9.532663316582918,-5.000000000000001,True
order_108,cust_43,processing,2022-07-15 17:14:46.432160804,2022-07-15 17:14:46.432160804,2022-07-16 17:14:46.432160804,2022-07-20 06:09:02.713567838,2022-07-25 06:09:02.713567838,2022,7,15,4,3,0,4.537688442211042,9.537688442211042,-5.0,True
order_109,cust_5,shipped,2022-07-17 13:08:44.623115578,2022-07-17 13:08:44.623115578,2022-07-18 13:08:44.623115578,2022-07-22 02:10:15.075376884,2022-07-27 02:10:15.075376884,2022,7,17,6,3,1,4.54271356783919,9.54271356783919,-5.0,True
order_110,cust_2,delivered,2022-07-19 09:02:42.814070352,2022-07-19 09:02:42.814070352,2022-07-20 09:02:42.814070352,2022-07-23 22:11:27.437185928,2022-07-28 22:11:27.437185928,2022,7,19,1,3,0,4.5477386934673145,9.547738693467315,-5.0,True
order_111,cust_82,delivered,2022-07-21 04:56:41.005025126,2022-07-21 04:56:41.005025126,2022-07-22 04:56:41.005025126,2022-07-25 18:12:39.798994974,2022-07-30 18:12:39.798994974,2022,7,21,3,3,0,4.552763819095463,9.552763819095462,-4.999999999999999,True
order_112,cust_56,delivered,2022-07-23 00:50:39.195979900,2022-07-23 00:50:39.195979900,2022-07-24 00:50:39.195979900,2022-07-27 14:13:52.160804020,2022-08-01 14:13:52.160804020,2022,7,23,5,3,1,4.557788944723611,9.557788944723612,-5.000000000000001,True
order_113,cust_73,delivered,2022-07-24 20:44:37.386934674,2022-07-24 20:44:37.386934674,2022-07-25 20:44:37.386934674,2022-07-29 10:15:04.522613064,2022-08-03 10:15:04.522613064,2022,7,24,6,3,1,4.5628140703517355,9.562814070351736,-5.000000000000001,True
order_114,cust_58,delivered,2022-07-26 16:38:35.577889448,2022-07-26 16:38:35.577889448,2022-07-27 16:38:35.577889448,2022-07-31 06:16:16.884422110,2022-08-05 06:16:16.884422110,2022,7,26,1,3,0,4.567839195979884,9.567839195979884,-5.0,True
order_115,cust_61,shipped,2022-07-28 12:32:33.768844220,2022-07-28 12:32:33.768844220,2022-07-29 12:32:33.768844220,2022-08-02 02:17:29.246231156,2022-08-07 02:17:29.246231156,2022,7,28,3,3,0,4.572864321608056,9.572864321608055,-4.999999999999999,True
order_116,cust_89,canceled,2022-07-30 08:26:31.959798996,2022-07-30 08:26:31.959798996,2022-07-31 08:26:31.959798996,2022-08-03 22:18:41.608040200,2022-08-08 22:18:41.608040200,2022,7,30,5,3,1,4.577889447236157,9.577889447236156,-4.999999999999999,True
order_117,cust_67,delivered,2022-08-01 04:20:30.150753768,2022-08-01 04:20:30.150753768,2022-08-02 04:20:30.150753768,2022-08-05 18:19:53.969849244,2022-08-10 18:19:53.969849244,2022,8,1,0,3,0,4.582914572864306,9.582914572864304,-4.999999999999998,True
order_118,cust_61,delivered,2022-08-03 00:14:28.341708544,2022-08-03 00:14:28.341708544,2022-08-04 00:14:28.341708544,2022-08-07 14:21:06.331658292,2022-08-12 14:21:06.331658292,2022,8,3,2,3,0,4.587939698492454,9.587939698492454,-5.0,True
order_119,cust_64,delivered,2022-08-04 20:08:26.532663316,2022-08-04 20:08:26.532663316,2022-08-05 20:08:26.532663316,2022-08-09 10:22:18.693467336,2022-08-14 10:22:18.693467336,2022,8,4,3,3,0,4.592964824120602,9.592964824120601,-4.999999999999999,True
order_120,cust_74,delivered,2022-08-06 16:02:24.723618092,2022-08-06 16:02:24.723618092,2022-08-07 16:02:24.723618092,2022-08-11 06:23:31.055276380,2022-08-16 06:23:31.055276380,2022,8,6,5,3,1,4.597989949748704,9.597989949748705,-5.000000000000001,True
order_121,cust_67,delivered,2022-08-08 11:56:22.914572864,2022-08-08 11:56:22.914572864,2022-08-09 11:56:22.914572864,2022-08-13 02:24:43.417085428,2022-08-18 02:24:43.417085428,2022,8,8,0,3,0,4.603015075376899,9.603015075376897,-4.999999999999998,True
order_122,cust_37,delivered,2022-08-10 07:50:21.105527640,2022-08-10 07:50:21.105527640,2022-08-11 07:50:21.105527640,2022-08-14 22:25:55.778894472,2022-08-19 22:25:55.778894472,2022,8,10,2,3,0,4.608040201005,9.608040201005,-5.0,True
order_123,cust_10,delivered,2022-08-12 03:44:19.296482412,2022-08-12 03:44:19.296482412,2022-08-13 03:44:19.296482412,2022-08-16 18:27:08.140703516,2022-08-21 18:27:08.140703516,2022,8,12,4,3,0,4.613065326633148,9.61306532663315,-5.000000000000002,True
order_124,cust_49,delivered,2022-08-13 23:38:17.487437188,2022-08-13 23:38:17.487437188,2022-08-14 23:38:17.487437188,2022-08-18 14:28:20.502512560,2022-08-23 14:28:20.502512560,2022,8,13,5,3,1,4.61809045226125,9.61809045226125,-4.999999999999999,True
order_125,cust_96,shipped,2022-08-15 19:32:15.678391960,2022-08-15 19:32:15.678391960,2022-08-16 19:32:15.678391960,2022-08-20 10:29:32.864321608,2022-08-25 10:29:32.864321608,2022,8,15,0,3,0,4.623115577889444,9.623115577889445,-5.000000000000001,True
order_126,cust_81,delivered,2022-08-17 15:26:13.869346736,2022-08-17 15:26:13.869346736,2022-08-18 15:26:13.869346736,2022-08-22 06:30:45.226130652,2022-08-27 06:30:45.226130652,2022,8,17,2,3,0,4.628140703517547,9.628140703517547,-5.0,True
order_127,cust_100,canceled,2022-08-19 11:20:12.060301508,2022-08-19 11:20:12.060301508,2022-08-20 11:20:12.060301508,2022-08-24 02:31:57.587939696,2022-08-29 02:31:57.587939696,2022,8,19,4,3,0,4.633165829145694,9.633165829145694,-5.0,True
order_128,cust_21,delivered,2022-08-21 07:14:10.251256284,2022-08-21 07:14:10.251256284,2022-08-22 07:14:10.251256284,2022-08-25 22:33:09.949748744,2022-08-30 22:33:09.949748744,2022,8,21,6,3,1,4.638190954773843,9.638190954773842,-4.999999999999999,True
order_129,cust_52,delivered,2022-08-23 03:08:08.442211056,2022-08-23 03:08:08.442211056,2022-08-24 03:08:08.442211056,2022-08-27 18:34:22.311557788,2022-09-01 18:34:22.311557788,2022,8,23,1,3,0,4.643216080401991,9.643216080401992,-5.000000000000001,True
order_130,cust_53,delivered,2022-08-24 23:02:06.633165828,2022-08-24 23:02:06.633165828,2022-08-25 23:02:06.633165828,2022-08-29 14:35:34.673366832,2022-09-03 14:35:34.673366832,2022,8,24,2,3,0,4.648241206030139,9.64824120603014,-5.0,True
order_131,cust_42,delivered,2022-08-26 18:56:04.824120604,2022-08-26 18:56:04.824120604,2022-08-27 18:56:04.824120604,2022-08-31 10:36:47.035175880,2022-09-05 10:36:47.035175880,2022,8,26,4,3,0,4.653266331658287,9.653266331658287,-5.0,True
order_132,cust_11,delivered,2022-08-28 14:50:03.015075376,2022-08-28 14:50:03.015075376,2022-08-29 14:50:03.015075376,2022-09-02 06:37:59.396984924,2022-09-07 06:37:59.396984924,2022,8,28,6,3,1,4.658291457286436,9.658291457286435,-4.999999999999999,True
order_133,cust_74,delivered,2022-08-30 10:44:01.206030152,2022-08-30 10:44:01.206030152,2022-08-31 10:44:01.206030152,2022-09-04 02:39:11.758793968,2022-09-09 02:39:11.758793968,2022,8,30,1,3,0,4.663316582914537,9.663316582914536,-4.999999999999999,True
order_134,cust_85,delivered,2022-09-01 06:37:59.396984924,2022-09-01 06:37:59.396984924,2022-09-02 06:37:59.396984924,2022-09-05 22:40:24.120603016,2022-09-10 22:40:24.120603016,2022,9,1,3,3,0,4.668341708542732,9.668341708542732,-5.0,True
order_135,cust_32,processing,2022-09-03 02:31:57.587939700,2022-09-03 02:31:57.587939700,2022-09-04 02:31:57.587939700,2022-09-07 18:41:36.482412060,2022-09-12 18:41:36.482412060,2022,9,3,5,3,1,4.673366834170833,9.673366834170833,-5.0,True
order_136,cust_65,delivered,2022-09-04 22:25:55.778894472,2022-09-04 22:25:55.778894472,2022-09-05 22:25:55.778894472,2022-09-09 14:42:48.844221104,2022-09-14 14:42:48.844221104,2022,9,4,6,3,1,4.678391959798981,9.678391959798981,-5.0,True
order_137,cust_93,shipped,2022-09-06 18:19:53.969849248,2022-09-06 18:19:53.969849248,2022-09-07 18:19:53.969849248,2022-09-11 10:44:01.206030148,2022-09-16 10:44:01.206030148,2022,9,6,1,3,0,4.683417085427084,9.683417085427083,-4.999999999999999,True
order_138,cust_34,delivered,2022-09-08 14:13:52.160804020,2022-09-08 14:13:52.160804020,2022-09-09 14:13:52.160804020,2022-09-13 06:45:13.567839196,2022-09-18 06:45:13.567839196,2022,9,8,3,3,0,4.6884422110552775,9.688442211055277,-4.999999999999999,True
order_139,cust_62,delivered,2022-09-10 10:07:50.351758796,2022-09-10 10:07:50.351758796,2022-09-11 10:07:50.351758796,2022-09-15 02:46:25.929648240,2022-09-20 02:46:25.929648240,2022,9,10,5,3,1,4.69346733668338,9.69346733668338,-5.0,True
order_140,cust_11,delivered,2022-09-12 06:01:48.542713568,2022-09-12 06:01:48.542713568,2022-09-13 06:01:48.542713568,2022-09-16 22:47:38.291457284,2022-09-21 22:47:38.291457284,2022,9,12,0,3,0,4.698492462311528,9.698492462311528,-5.0,True
order_141,cust_70,delivered,2022-09-14 01:55:46.733668344,2022-09-14 01:55:46.733668344,2022-09-15 01:55:46.733668344,2022-09-18 18:48:50.653266332,2022-09-23 18:48:50.653266332,2022,9,14,2,3,0,4.703517587939676,9.703517587939675,-4.999999999999999,True
order_142,cust_46,processing,2022-09-15 21:49:44.924623116,2022-09-15 21:49:44.924623116,2022-09-16 21:49:44.924623116,2022-09-20 14:50:03.015075376,2022-09-25 14:50:03.015075376,2022,9,15,3,3,0,4.708542713567824,9.708542713567823,-4.999999999999999,True
order_143,cust_54,shipped,2022-09-17 17:43:43.115577892,2022-09-17 17:43:43.115577892,2022-09-18 17:43:43.115577892,2022-09-22 10:51:15.376884420,2022-09-27 10:51:15.376884420,2022,9,17,5,3,1,4.713567839195926,9.713567839195926,-5.0,True
order_144,cust_11,processing,2022-09-19 13:37:41.306532664,2022-09-19 13:37:41.306532664,2022-09-20 13:37:41.306532664,2022-09-24 06:52:27.738693468,2022-09-29 06:52:27.738693468,2022,9,19,0,3,0,4.71859296482412,9.71859296482412,-5.0,True
order_145,cust_55,delivered,2022-09-21 09:31:39.497487440,2022-09-21 09:31:39.497487440,2022-09-22 09:31:39.497487440,2022-09-26 02:53:40.100502512,2022-10-01 02:53:40.100502512,2022,9,21,2,3,0,4.723618090452223,9.723618090452222,-4.999999999999999,True
order_146,cust_53,processing,2022-09-23 05:25:37.688442212,2022-09-23 05:25:37.688442212,2022-09-24 05:25:37.688442212,2022-09-27 22:54:52.462311556,2022-10-02 22:54:52.462311556,2022,9,23,4,3,0,4.72864321608037,9.728643216080371,-5.000000000000001,True
order_147,cust_16,canceled,2022-09-25 01:19:35.879396984,2022-09-25 01:19:35.879396984,2022-09-26 01:19:35.879396984,2022-09-29 18:56:04.824120600,2022-10-04 18:56:04.824120600,2022,9,25,6,3,1,4.733668341708518,9.733668341708519,-5.000000000000001,True
order_148,cust_75,delivered,2022-09-26 21:13:34.070351760,2022-09-26 21:13:34.070351760,2022-09-27 21:13:34.070351760,2022-10-01 14:57:17.185929648,2022-10-06 14:57:17.185929648,2022,9,26,0,3,0,4.738693467336667,9.738693467336667,-5.0,True
order_149,cust_22,shipped,2022-09-28 17:07:32.261306532,2022-09-28 17:07:32.261306532,2022-09-29 17:07:32.261306532,2022-10-03 10:58:29.547738692,2022-10-08 10:58:29.547738692,2022,9,28,2,3,0,4.7437185929648145,9.743718592964814,-5.0,True
order_150,cust_62,delivered,2022-09-30 13:01:30.452261308,2022-09-30 13:01:30.452261308,2022-10-01 13:01:30.452261308,2022-10-05 06:59:41.909547736,2022-10-10 06:59:41.909547736,2022,9,30,4,3,0,4.748743718592917,9.748743718592916,-4.999999999999999,True
order_151,cust_85,shipped,2022-10-02 08:55:28.643216080,2022-10-02 08:55:28.643216080,2022-10-03 08:55:28.643216080,2022-10-07 03:00:54.271356784,2022-10-12 03:00:54.271356784,2022,10,2,6,4,1,4.753768844221111,9.753768844221112,-5.000000000000001,True
order_152,cust_48,delivered,2022-10-04 04:49:26.834170856,2022-10-04 04:49:26.834170856,2022-10-05 04:49:26.834170856,2022-10-08 23:02:06.633165828,2022-10-13 23:02:06.633165828,2022,10,4,1,4,0,4.758793969849213,9.758793969849213,-5.0,True
order_153,cust_57,delivered,2022-10-06 00:43:25.025125628,2022-10-06 00:43:25.025125628,2022-10-07 00:43:25.025125628,2022-10-10 19:03:18.994974872,2022-10-15 19:03:18.994974872,2022,10,6,3,4,0,4.763819095477361,9.763819095477361,-5.0,True
order_154,cust_5,processing,2022-10-07 20:37:23.216080404,2022-10-07 20:37:23.216080404,2022-10-08 20:37:23.216080404,2022-10-12 15:04:31.356783920,2022-10-17 15:04:31.356783920,2022,10,7,4,4,0,4.7688442211055095,9.768844221105509,-4.999999999999999,True
order_155,cust_64,delivered,2022-10-09 16:31:21.407035176,2022-10-09 16:31:21.407035176,2022-10-10 16:31:21.407035176,2022-10-14 11:05:43.718592964,2022-10-19 11:05:43.718592964,2022,10,9,6,4,1,4.773869346733657,9.773869346733658,-5.000000000000001,True
order_156,cust_1,shipped,2022-10-11 12:25:19.597989952,2022-10-11 12:25:19.597989952,2022-10-12 12:25:19.597989952,2022-10-16 07:06:56.080402008,2022-10-21 07:06:56.080402008,2022,10,11,1,4,0,4.77889447236176,9.778894472361758,-4.999999999999998,True
order_157,cust_46,delivered,2022-10-13 08:19:17.788944724,2022-10-13 08:19:17.788944724,2022-10-14 08:19:17.788944724,2022-10-18 03:08:08.442211056,2022-10-23 03:08:08.442211056,2022,10,13,3,4,0,4.783919597989954,9.783919597989954,-5.0,True
order_158,cust_31,shipped,2022-10-15 04:13:15.979899500,2022-10-15 04:13:15.979899500,2022-10-16 04:13:15.979899500,2022-10-19 23:09:20.804020100,2022-10-24 23:09:20.804020100,2022,10,15,5,4,1,4.788944723618056,9.788944723618055,-4.999999999999999,True
order_159,cust_27,canceled,2022-10-17 00:07:14.170854272,2022-10-17 00:07:14.170854272,2022-10-18 00:07:14.170854272,2022-10-21 19:10:33.165829144,2022-10-26 19:10:33.165829144,2022,10,17,0,4,0,4.793969849246204,9.793969849246203,-4.999999999999999,True
order_160,cust_5,shipped,2022-10-18 20:01:12.361809048,2022-10-18 20:01:12.361809048,2022-10-19 20:01:12.361809048,2022-10-23 15:11:45.527638188,2022-10-28 15:11:45.527638188,2022,10,18,1,4,0,4.798994974874305,9.798994974874306,-5.000000000000001,True
order_161,cust_7,delivered,2022-10-20 15:55:10.552763820,2022-10-20 15:55:10.552763820,2022-10-21 15:55:10.552763820,2022-10-25 11:12:57.889447236,2022-10-30 11:12:57.889447236,2022,10,20,3,4,0,4.8040201005025,9.8040201005025,-5.0,True
order_162,cust_14,processing,2022-10-22 11:49:08.743718592,2022-10-22 11:49:08.743718592,2022-10-23 11:49:08.743718592,2022-10-27 07:14:10.251256280,2022-11-01 07:14:10.251256280,2022,10,22,5,4,1,4.809045226130649,9.809045226130648,-4.999999999999999,True
order_163,cust_79,shipped,2022-10-24 07:43:06.934673368,2022-10-24 07:43:06.934673368,2022-10-25 07:43:06.934673368,2022-10-29 03:15:22.613065324,2022-11-03 03:15:22.613065324,2022,10,24,0,4,0,4.81407035175875,9.814070351758751,-5.000000000000001,True
order_164,cust_85,delivered,2022-10-26 03:37:05.125628140,2022-10-26 03:37:05.125628140,2022-10-27 03:37:05.125628140,2022-10-30 23:16:34.974874372,2022-11-04 23:16:34.974874372,2022,10,26,2,4,0,4.819095477386945,9.819095477386943,-4.999999999999998,True
order_165,cust_80,delivered,2022-10-27 23:31:03.316582916,2022-10-27 23:31:03.316582916,2022-10-28 23:31:03.316582916,2022-11-01 19:17:47.336683416,2022-11-06 19:17:47.336683416,2022,10,27,3,4,0,4.8241206030150465,9.824120603015047,-5.0,True
order_166,cust_98,processing,2022-10-29 19:25:01.507537688,2022-10-29 19:25:01.507537688,2022-10-30 19:25:01.507537688,2022-11-03 15:18:59.698492460,2022-11-08 15:18:59.698492460,2022,10,29,5,4,1,4.829145728643194,9.829145728643194,-5.0,True
order_167,cust_5,canceled,2022-10-31 15:18:59.698492464,2022-10-31 15:18:59.698492464,2022-11-01 15:18:59.698492464,2022-11-05 11:20:12.060301508,2022-11-10 11:20:12.060301508,2022,10,31,0,4,0,4.834170854271343,9.834170854271344,-5.000000000000001,True
order_168,cust_76,canceled,2022-11-02 11:12:57.889447236,2022-11-02 11:12:57.889447236,2022-11-03 11:12:57.889447236,2022-11-07 07:21:24.422110552,2022-11-12 07:21:24.422110552,2022,11,2,2,4,0,4.839195979899491,9.839195979899491,-5.000000000000001,True
order_169,cust_35,delivered,2022-11-04 07:06:56.080402012,2022-11-04 07:06:56.080402012,2022-11-05 07:06:56.080402012,2022-11-09 03:22:36.783919596,2022-11-14 03:22:36.783919596,2022,11,4,4,4,0,4.844221105527593,9.844221105527593,-5.0,True
order_170,cust_27,canceled,2022-11-06 03:00:54.271356784,2022-11-06 03:00:54.271356784,2022-11-07 03:00:54.271356784,2022-11-10 23:23:49.145728640,2022-11-15 23:23:49.145728640,2022,11,6,6,4,1,4.849246231155741,9.84924623115574,-5.0,True
order_171,cust_13,delivered,2022-11-07 22:54:52.462311560,2022-11-07 22:54:52.462311560,2022-11-08 22:54:52.462311560,2022-11-12 19:25:01.507537688,2022-11-17 19:25:01.507537688,2022,11,7,0,4,0,4.854271356783889,9.854271356783888,-4.999999999999999,True
order_172,cust_59,shipped,2022-11-09 18:48:50.653266332,2022-11-09 18:48:50.653266332,2022-11-10 18:48:50.653266332,2022-11-14 15:26:13.869346732,2022-11-19 15:26:13.869346732,2022,11,9,2,4,0,4.859296482412037,9.859296482412038,-5.000000000000001,True
order_173,cust_63,delivered,2022-11-11 14:42:48.844221108,2022-11-11 14:42:48.844221108,2022-11-12 14:42:48.844221108,2022-11-16 11:27:26.231155776,2022-11-21 11:27:26.231155776,2022,11,11,4,4,0,4.864321608040139,9.864321608040138,-4.999999999999999,True
order_174,cust_15,delivered,2022-11-13 10:36:47.035175880,2022-11-13 10:36:47.035175880,2022-11-14 10:36:47.035175880,2022-11-18 07:28:38.592964824,2022-11-23 07:28:38.592964824,2022,11,13,6,4,1,4.869346733668333,9.869346733668333,-5.0,True
order_175,cust_66,processing,2022-11-15 06:30:45.226130656,2022-11-15 06:30:45.226130656,2022-11-16 06:30:45.226130656,2022-11-20 03:29:50.954773868,2022-11-25 03:29:50.954773868,2022,11,15,1,4,0,4.874371859296435,9.874371859296435,-5.0,True
order_176,cust_52,processing,2022-11-17 02:24:43.417085428,2022-11-17 02:24:43.417085428,2022-11-18 02:24:43.417085428,2022-11-21 23:31:03.316582912,2022-11-26 23:31:03.316582912,2022,11,17,3,4,0,4.879396984924583,9.879396984924583,-5.0,True
order_177,cust_42,delivered,2022-11-18 22:18:41.608040200,2022-11-18 22:18:41.608040200,2022-11-19 22:18:41.608040200,2022-11-23 19:32:15.678391960,2022-11-28 19:32:15.678391960,2022,11,18,4,4,0,4.884422110552778,9.884422110552778,-5.0,True
order_178,cust_65,processing,2022-11-20 18:12:39.798994976,2022-11-20 18:12:39.798994976,2022-11-21 18:12:39.798994976,2022-11-25 15:33:28.040201004,2022-11-30 15:33:28.040201004,2022,11,20,6,4,1,4.889447236180879,9.88944723618088,-5.000000000000001,True
order_179,cust_61,delivered,2022-11-22 14:06:37.989949748,2022-11-22 14:06:37.989949748,2022-11-23 14:06:37.989949748,2022-11-27 11:34:40.402010048,2022-12-02 11:34:40.402010048,2022,11,22,1,4,0,4.894472361809028,9.894472361809028,-5.0,True
order_180,cust_74,delivered,2022-11-24 10:00:36.180904524,2022-11-24 10:00:36.180904524,2022-11-25 10:00:36.180904524,2022-11-29 07:35:52.763819096,2022-12-04 07:35:52.763819096,2022,11,24,3,4,0,4.899497487437175,9.899497487437175,-5.0,True
order_181,cust_15,delivered,2022-11-26 05:54:34.371859296,2022-11-26 05:54:34.371859296,2022-11-27 05:54:34.371859296,2022-12-01 03:37:05.125628140,2022-12-06 03:37:05.125628140,2022,11,26,5,4,1,4.904522613065324,9.904522613065323,-4.999999999999999,True
order_182,cust_6,delivered,2022-11-28 01:48:32.562814072,2022-11-28 01:48:32.562814072,2022-11-29 01:48:32.562814072,2022-12-02 23:38:17.487437184,2022-12-07 23:38:17.487437184,2022,11,28,0,4,0,4.909547738693426,9.909547738693426,-5.0,True
order_183,cust_25,canceled,2022-11-29 21:42:30.753768844,2022-11-29 21:42:30.753768844,2022-11-30 21:42:30.753768844,2022-12-04 19:39:29.849246228,2022-12-09 19:39:29.849246228,2022,11,29,1,4,0,4.914572864321574,9.914572864321574,-5.0,True
order_184,cust_4,delivered,2022-12-01 17:36:28.944723620,2022-12-01 17:36:28.944723620,2022-12-02 17:36:28.944723620,2022-12-06 15:40:42.211055276,2022-12-11 15:40:42.211055276,2022,12,1,3,4,0,4.919597989949723,9.919597989949722,-4.999999999999999,True
order_185,cust_20,shipped,2022-12-03 13:30:27.135678392,2022-12-03 13:30:27.135678392,2022-12-04 13:30:27.135678392,2022-12-08 11:41:54.572864320,2022-12-13 11:41:54.572864320,2022,12,3,5,4,1,4.92462311557787,9.92462311557787,-4.999999999999999,True
order_186,cust_41,shipped,2022-12-05 09:24:25.326633168,2022-12-05 09:24:25.326633168,2022-12-06 09:24:25.326633168,2022-12-10 07:43:06.934673364,2022-12-15 07:43:06.934673364,2022,12,5,0,4,0,4.929648241205972,9.929648241205973,-5.000000000000001,True
order_187,cust_7,delivered,2022-12-07 05:18:23.517587940,2022-12-07 05:18:23.517587940,2022-12-08 05:18:23.517587940,2022-12-12 03:44:19.296482412,2022-12-17 03:44:19.296482412,2022,12,7,2,4,0,4.934673366834167,9.934673366834167,-5.0,True
order_188,cust_2,delivered,2022-12-09 01:12:21.708542716,2022-12-09 01:12:21.708542716,2022-12-10 01:12:21.708542716,2022-12-13 23:45:31.658291456,2022-12-18 23:45:31.658291456,2022,12,9,4,4,0,4.939698492462268,9.939698492462268,-5.0,True
order_189,cust_50,shipped,2022-12-10 21:06:19.899497488,2022-12-10 21:06:19.899497488,2022-12-11 21:06:19.899497488,2022-12-15 19:46:44.020100500,2022-12-20 19:46:44.020100500,2022,12,10,5,4,1,4.944723618090417,9.944723618090418,-5.000000000000001,True
order_190,cust_69,processing,2022-12-12 17:00:18.090452264,2022-12-12 17:00:18.090452264,2022-12-13 17:00:18.090452264,2022-12-17 15:47:56.381909548,2022-12-22 15:47:56.381909548,2022,12,12,0,4,0,4.9497487437185645,9.949748743718565,-5.000000000000001,True
order_191,cust_66,shipped,2022-12-14 12:54:16.281407036,2022-12-14 12:54:16.281407036,2022-12-15 12:54:16.281407036,2022-12-19 11:49:08.743718592,2022-12-24 11:49:08.743718592,2022,12,14,2,4,0,4.954773869346713,9.954773869346713,-5.0,True
order_192,cust_24,delivered,2022-12-16 08:48:14.472361812,2022-12-16 08:48:14.472361812,2022-12-17 08:48:14.472361812,2022-12-21 07:50:21.105527636,2022-12-26 07:50:21.105527636,2022,12,16,4,4,0,4.959798994974815,9.959798994974815,-5.0,True
order_193,cust_59,canceled,2022-12-18 04:42:12.663316584,2022-12-18 04:42:12.663316584,2022-12-19 04:42:12.663316584,2022-12-23 03:51:33.467336680,2022-12-28 03:51:33.467336680,2022,12,18,6,4,1,4.964824120602963,9.964824120602962,-4.999999999999999,True
order_194,cust_99,delivered,2022-12-20 00:36:10.854271356,2022-12-20 00:36:10.854271356,2022-12-21 00:36:10.854271356,2022-12-24 23:52:45.829145728,2022-12-29 23:52:45.829145728,2022,12,20,1,4,0,4.969849246231157,9.969849246231158,-5.000000000000001,True
order_195,cust_6,canceled,2022-12-21 20:30:09.045226132,2022-12-21 20:30:09.045226132,2022-12-22 20:30:09.045226132,2022-12-26 19:53:58.190954772,2022-12-31 19:53:58.190954772,2022,12,21,2,4,0,4.97487437185926,9.97487437185926,-5.0,True
order_196,cust_7,delivered,2022-12-23 16:24:07.236180904,2022-12-23 16:24:07.236180904,2022-12-24 16:24:07.236180904,2022-12-28 15:55:10.552763816,2023-01-02 15:55:10.552763816,2022,12,23,4,4,0,4.979899497487407,9.979899497487407,-5.0,True
order_197,cust_58,delivered,2022-12-25 12:18:05.427135680,2022-12-25 12:18:05.427135680,2022-12-26 12:18:05.427135680,2022-12-30 11:56:22.914572864,2023-01-04 11:56:22.914572864,2022,12,25,6,4,1,4.984924623115556,9.984924623115555,-4.999999999999999,True
order_198,cust_34,delivered,2022-12-27 08:12:03.618090452,2022-12-27 08:12:03.618090452,2022-12-28 08:12:03.618090452,2023-01-01 07:57:35.276381908,2023-01-06 07:57:35.276381908,2022,12,27,1,4,0,4.989949748743704,9.989949748743705,-5.000000000000001,True
order_199,cust_89,delivered,2022-12-29 04:06:01.809045228,2022-12-29 04:06:01.809045228,2022-12-30 04:06:01.809045228,2023-01-03 03:58:47.638190952,2023-01-08 03:58:47.638190952,2022,12,29,3,4,0,4.994974874371806,9.994974874371804,-4.999999999999998,True
order_200,cust_65,delivered,2022-12-31 00:00:00.000000000,2022-12-31 00:00:00.000000000,2023-01-01 00:00:00.000000000,2023-01-05 00:00:00.000000000,2023-01-10 00:00:00.000000000,2022,12,31,5,4,1,5.0,10.0,-5.0,True
