order_id,customer_id,order_status,order_purchase_timestamp,order_approved_at,order_delivered_carrier_date,order_delivered_customer_date,order_estimated_delivery_date
order_1,cust_19,delivered,2022-01-01 00:00:00.000000000,2022-01-01 00:00:00.000000000,2022-01-02 00:00:00.000000000,2022-01-05 00:00:00.000000000,2022-01-10 00:00:00.000000000
order_2,cust_87,shipped,2022-01-02 19:53:58.190954773,2022-01-02 19:53:58.190954773,2022-01-03 19:53:58.190954773,2022-01-06 20:01:12.361809045,2022-01-11 20:01:12.361809045
order_3,cust_52,delivered,2022-01-04 15:47:56.381909547,2022-01-04 15:47:56.381909547,2022-01-05 15:47:56.381909547,2022-01-08 16:02:24.723618090,2022-01-13 16:02:24.723618090
order_4,cust_31,canceled,2022-01-06 11:41:54.572864321,2022-01-06 11:41:54.572864321,2022-01-07 11:41:54.572864321,2022-01-10 12:03:37.085427135,2022-01-15 12:03:37.085427135
order_5,cust_62,canceled,2022-01-08 07:35:52.763819095,2022-01-08 07:35:52.763819095,2022-01-09 07:35:52.763819095,2022-01-12 08:04:49.447236180,2022-01-17 08:04:49.447236180
order_6,cust_13,delivered,2022-01-10 03:29:50.954773869,2022-01-10 03:29:50.954773869,2022-01-11 03:29:50.954773869,2022-01-14 04:06:01.809045226,2022-01-19 04:06:01.809045226
order_7,cust_45,delivered,2022-01-11 23:23:49.145728643,2022-01-11 23:23:49.145728643,2022-01-12 23:23:49.145728643,2022-01-16 00:07:14.170854271,2022-01-21 00:07:14.170854271
order_8,cust_64,delivered,2022-01-13 19:17:47.336683417,2022-01-13 19:17:47.336683417,2022-01-14 19:17:47.336683417,2022-01-17 20:08:26.532663316,2022-01-22 20:08:26.532663316
order_9,cust_48,canceled,2022-01-15 15:11:45.527638191,2022-01-15 15:11:45.527638191,2022-01-16 15:11:45.527638191,2022-01-19 16:09:38.894472361,2022-01-24 16:09:38.894472361
order_10,cust_63,delivered,2022-01-17 11:05:43.718592965,2022-01-17 11:05:43.718592965,2022-01-18 11:05:43.718592965,2022-01-21 12:10:51.256281407,2022-01-26 12:10:51.256281407
order_11,cust_23,delivered,2022-01-19 06:59:41.909547738,2022-01-19 06:59:41.909547738,2022-01-20 06:59:41.909547738,2022-01-23 08:12:03.618090452,2022-01-28 08:12:03.618090452
order_12,cust_86,delivered,2022-01-21 02:53:40.100502512,2022-01-21 02:53:40.100502512,2022-01-22 02:53:40.100502512,2022-01-25 04:13:15.979899497,2022-01-30 04:13:15.979899497
order_13,cust_12,processing,2022-01-22 22:47:38.291457286,2022-01-22 22:47:38.291457286,2022-01-23 22:47:38.291457286,2022-01-27 00:14:28.341708542,2022-02-01 00:14:28.341708542
order_14,cust_81,delivered,2022-01-24 18:41:36.482412060,2022-01-24 18:41:36.482412060,2022-01-25 18:41:36.482412060,2022-01-28 20:15:40.703517587,2022-02-02 20:15:40.703517587
order_15,cust_80,processing,2022-01-26 14:35:34.673366834,2022-01-26 14:35:34.673366834,2022-01-27 14:35:34.673366834,2022-01-30 16:16:53.065326633,2022-02-04 16:16:53.065326633
order_16,cust_62,delivered,2022-01-28 10:29:32.864321608,2022-01-28 10:29:32.864321608,2022-01-29 10:29:32.864321608,2022-02-01 12:18:05.427135678,2022-02-06 12:18:05.427135678
order_17,cust_14,shipped,2022-01-30 06:23:31.055276382,2022-01-30 06:23:31.055276382,2022-01-31 06:23:31.055276382,2022-02-03 08:19:17.788944723,2022-02-08 08:19:17.788944723
order_18,cust_97,delivered,2022-02-01 02:17:29.246231156,2022-02-01 02:17:29.246231156,2022-02-02 02:17:29.246231156,2022-02-05 04:20:30.150753768,2022-02-10 04:20:30.150753768
order_19,cust_96,delivered,2022-02-02 22:11:27.437185930,2022-02-02 22:11:27.437185930,2022-02-03 22:11:27.437185930,2022-02-07 00:21:42.512562814,2022-02-12 00:21:42.512562814
order_20,cust_9,shipped,2022-02-04 18:05:25.628140703,2022-02-04 18:05:25.628140703,2022-02-05 18:05:25.628140703,2022-02-08 20:22:54.874371859,2022-02-13 20:22:54.874371859
order_21,cust_54,delivered,2022-02-06 13:59:23.819095477,2022-02-06 13:59:23.819095477,2022-02-07 13:59:23.819095477,2022-02-10 16:24:07.236180904,2022-02-15 16:24:07.236180904
order_22,cust_8,delivered,2022-02-08 09:53:22.010050251,2022-02-08 09:53:22.010050251,2022-02-09 09:53:22.010050251,2022-02-12 12:25:19.597989949,2022-02-17 12:25:19.597989949
order_23,cust_96,delivered,2022-02-10 05:47:20.201005025,2022-02-10 05:47:20.201005025,2022-02-11 05:47:20.201005025,2022-02-14 08:26:31.959798995,2022-02-19 08:26:31.959798995
order_24,cust_93,delivered,2022-02-12 01:41:18.391959799,2022-02-12 01:41:18.391959799,2022-02-13 01:41:18.391959799,2022-02-16 04:27:44.321608040,2022-02-21 04:27:44.321608040
order_25,cust_22,delivered,2022-02-13 21:35:16.582914573,2022-02-13 21:35:16.582914573,2022-02-14 21:35:16.582914573,2022-02-18 00:28:56.683417085,2022-02-23 00:28:56.683417085
order_26,cust_30,delivered,2022-02-15 17:29:14.773869347,2022-02-15 17:29:14.773869347,2022-02-16 17:29:14.773869347,2022-02-19 20:30:09.045226130,2022-02-24 20:30:09.045226130
order_27,cust_83,canceled,2022-02-17 13:23:12.964824121,2022-02-17 13:23:12.964824121,2022-02-18 13:23:12.964824121,2022-02-21 16:31:21.407035175,2022-02-26 16:31:21.407035175
order_28,cust_57,processing,2022-02-19 09:17:11.155778894,2022-02-19 09:17:11.155778894,2022-02-20 09:17:11.155778894,2022-02-23 12:32:33.768844221,2022-02-28 12:32:33.768844221
order_29,cust_6,delivered,2022-02-21 05:11:09.346733668,2022-02-21 05:11:09.346733668,2022-02-22 05:11:09.346733668,2022-02-25 08:33:46.130653266,2022-03-02 08:33:46.130653266
order_30,cust_6,delivered,2022-02-23 01:05:07.537688442,2022-02-23 01:05:07.537688442,2022-02-24 01:05:07.537688442,2022-02-27 04:34:58.492462311,2022-03-04 04:34:58.492462311
order_31,cust_94,processing,2022-02-24 20:59:05.728643216,2022-02-24 20:59:05.728643216,2022-02-25 20:59:05.728643216,2022-03-01 00:36:10.854271357,2022-03-06 00:36:10.854271357
order_32,cust_82,processing,2022-02-26 16:53:03.919597990,2022-02-26 16:53:03.919597990,2022-02-27 16:53:03.919597990,2022-03-02 20:37:23.216080402,2022-03-07 20:37:23.216080402
order_33,cust_3,shipped,2022-02-28 12:47:02.110552764,2022-02-28 12:47:02.110552764,2022-03-01 12:47:02.110552764,2022-03-04 16:38:35.577889447,2022-03-09 16:38:35.577889447
order_34,cust_89,delivered,2022-03-02 08:41:00.301507538,2022-03-02 08:41:00.301507538,2022-03-03 08:41:00.301507538,2022-03-06 12:39:47.939698492,2022-03-11 12:39:47.939698492
order_35,cust_25,delivered,2022-03-04 04:34:58.492462312,2022-03-04 04:34:58.492462312,2022-03-05 04:34:58.492462312,2022-03-08 08:41:00.301507537,2022-03-13 08:41:00.301507537
order_36,cust_77,delivered,2022-03-06 00:28:56.683417086,2022-03-06 00:28:56.683417086,2022-03-07 00:28:56.683417086,2022-03-10 04:42:12.663316583,2022-03-15 04:42:12.663316583
order_37,cust_74,delivered,2022-03-07 20:22:54.874371860,2022-03-07 20:22:54.874371860,2022-03-08 20:22:54.874371860,2022-03-12 00:43:25.025125628,2022-03-17 00:43:25.025125628
order_38,cust_86,delivered,2022-03-09 16:16:53.065326633,2022-03-09 16:16:53.065326633,2022-03-10 16:16:53.065326633,2022-03-13 20:44:37.386934673,2022-03-18 20:44:37.386934673
order_39,cust_62,delivered,2022-03-11 12:10:51.256281407,2022-03-11 12:10:51.256281407,2022-03-12 12:10:51.256281407,2022-03-15 16:45:49.748743718,2022-03-20 16:45:49.748743718
order_40,cust_36,delivered,2022-03-13 08:04:49.447236181,2022-03-13 08:04:49.447236181,2022-03-14 08:04:49.447236181,2022-03-17 12:47:02.110552764,2022-03-22 12:47:02.110552764
order_41,cust_59,delivered,2022-03-15 03:58:47.638190955,2022-03-15 03:58:47.638190955,2022-03-16 03:58:47.638190955,2022-03-19 08:48:14.472361809,2022-03-24 08:48:14.472361809
order_42,cust_24,delivered,2022-03-16 23:52:45.829145729,2022-03-16 23:52:45.829145729,2022-03-17 23:52:45.829145729,2022-03-21 04:49:26.834170854,2022-03-26 04:49:26.834170854
order_43,cust_5,delivered,2022-03-18 19:46:44.020100503,2022-03-18 19:46:44.020100503,2022-03-19 19:46:44.020100503,2022-03-23 00:50:39.195979899,2022-03-28 00:50:39.195979899
order_44,cust_7,delivered,2022-03-20 15:40:42.211055277,2022-03-20 15:40:42.211055277,2022-03-21 15:40:42.211055277,2022-03-24 20:51:51.557788944,2022-03-29 20:51:51.557788944
order_45,cust_3,delivered,2022-03-22 11:34:40.402010050,2022-03-22 11:34:40.402010050,2022-03-23 11:34:40.402010050,2022-03-26 16:53:03.919597990,2022-03-31 16:53:03.919597990
order_46,cust_43,delivered,2022-03-24 07:28:38.592964824,2022-03-24 07:28:38.592964824,2022-03-25 07:28:38.592964824,2022-03-28 12:54:16.281407035,2022-04-02 12:54:16.281407035
order_47,cust_26,delivered,2022-03-26 03:22:36.783919598,2022-03-26 03:22:36.783919598,2022-03-27 03:22:36.783919598,2022-03-30 08:55:28.643216080,2022-04-04 08:55:28.643216080
order_48,cust_27,canceled,2022-03-27 23:16:34.974874372,2022-03-27 23:16:34.974874372,2022-03-28 23:16:34.974874372,2022-04-01 04:56:41.005025125,2022-04-06 04:56:41.005025125
order_49,cust_66,processing,2022-03-29 19:10:33.165829146,2022-03-29 19:10:33.165829146,2022-03-30 19:10:33.165829146,2022-04-03 00:57:53.366834170,2022-04-08 00:57:53.366834170
order_50,cust_31,delivered,2022-03-31 15:04:31.356783920,2022-03-31 15:04:31.356783920,2022-04-01 15:04:31.356783920,2022-04-04 20:59:05.728643216,2022-04-09 20:59:05.728643216
order_51,cust_89,shipped,2022-04-02 10:58:29.547738694,2022-04-02 10:58:29.547738694,2022-04-03 10:58:29.547738694,2022-04-06 17:00:18.090452261,2022-04-11 17:00:18.090452261
order_52,cust_73,delivered,2022-04-04 06:52:27.738693468,2022-04-04 06:52:27.738693468,2022-04-05 06:52:27.738693468,2022-04-08 13:01:30.452261306,2022-04-13 13:01:30.452261306
order_53,cust_44,shipped,2022-04-06 02:46:25.929648242,2022-04-06 02:46:25.929648242,2022-04-07 02:46:25.929648242,2022-04-10 09:02:42.814070351,2022-04-15 09:02:42.814070351
order_54,cust_100,delivered,2022-04-07 22:40:24.120603015,2022-04-07 22:40:24.120603015,2022-04-08 22:40:24.120603015,2022-04-12 05:03:55.175879397,2022-04-17 05:03:55.175879397
order_55,cust_95,processing,2022-04-09 18:34:22.311557789,2022-04-09 18:34:22.311557789,2022-04-10 18:34:22.311557789,2022-04-14 01:05:07.537688442,2022-04-19 01:05:07.537688442
order_56,cust_97,canceled,2022-04-11 14:28:20.502512563,2022-04-11 14:28:20.502512563,2022-04-12 14:28:20.502512563,2022-04-15 21:06:19.899497487,2022-04-20 21:06:19.899497487
order_57,cust_30,shipped,2022-04-13 10:22:18.693467337,2022-04-13 10:22:18.693467337,2022-04-14 10:22:18.693467337,2022-04-17 17:07:32.261306532,2022-04-22 17:07:32.261306532
order_58,cust_80,delivered,2022-04-15 06:16:16.884422110,2022-04-15 06:16:16.884422110,2022-04-16 06:16:16.884422110,2022-04-19 13:08:44.623115578,2022-04-24 13:08:44.623115578
order_59,cust_67,processing,2022-04-17 02:10:15.075376884,2022-04-17 02:10:15.075376884,2022-04-18 02:10:15.075376884,2022-04-21 09:09:56.984924622,2022-04-26 09:09:56.984924622
order_60,cust_53,canceled,2022-04-18 22:04:13.266331658,2022-04-18 22:04:13.266331658,2022-04-19 22:04:13.266331658,2022-04-23 05:11:09.346733668,2022-04-28 05:11:09.346733668
order_61,cust_49,shipped,2022-04-20 17:58:11.457286432,2022-04-20 17:58:11.457286432,2022-04-21 17:58:11.457286432,2022-04-25 01:12:21.708542714,2022-04-30 01:12:21.708542714
order_62,cust_42,delivered,2022-04-22 13:52:09.648241206,2022-04-22 13:52:09.648241206,2022-04-23 13:52:09.648241206,2022-04-26 21:13:34.070351758,2022-05-01 21:13:34.070351758
order_63,cust_69,canceled,2022-04-24 09:46:07.839195980,2022-04-24 09:46:07.839195980,2022-04-25 09:46:07.839195980,2022-04-28 17:14:46.432160804,2022-05-03 17:14:46.432160804
order_64,cust_38,delivered,2022-04-26 05:40:06.030150754,2022-04-26 05:40:06.030150754,2022-04-27 05:40:06.030150754,2022-04-30 13:15:58.793969848,2022-05-05 13:15:58.793969848
order_65,cust_45,delivered,2022-04-28 01:34:04.221105528,2022-04-28 01:34:04.221105528,2022-04-29 01:34:04.221105528,2022-05-02 09:17:11.155778894,2022-05-07 09:17:11.155778894
order_66,cust_57,delivered,2022-04-29 21:28:02.412060302,2022-04-29 21:28:02.412060302,2022-04-30 21:28:02.412060302,2022-05-04 05:18:23.517587940,2022-05-09 05:18:23.517587940
order_67,cust_28,delivered,2022-05-01 17:22:00.603015076,2022-05-01 17:22:00.603015076,2022-05-02 17:22:00.603015076,2022-05-06 01:19:35.879396984,2022-05-11 01:19:35.879396984
order_68,cust_82,delivered,2022-05-03 13:15:58.793969850,2022-05-03 13:15:58.793969850,2022-05-04 13:15:58.793969850,2022-05-07 21:20:48.241206030,2022-05-12 21:20:48.241206030
order_69,cust_79,shipped,2022-05-05 09:09:56.984924624,2022-05-05 09:09:56.984924624,2022-05-06 09:09:56.984924624,2022-05-09 17:22:00.603015074,2022-05-14 17:22:00.603015074
order_70,cust_100,delivered,2022-05-07 05:03:55.175879398,2022-05-07 05:03:55.175879398,2022-05-08 05:03:55.175879398,2022-05-11 13:23:12.964824120,2022-05-16 13:23:12.964824120
order_71,cust_75,processing,2022-05-09 00:57:53.366834172,2022-05-09 00:57:53.366834172,2022-05-10 00:57:53.366834172,2022-05-13 09:24:25.326633166,2022-05-18 09:24:25.326633166
order_72,cust_35,delivered,2022-05-10 20:51:51.557788946,2022-05-10 20:51:51.557788946,2022-05-11 20:51:51.557788946,2022-05-15 05:25:37.688442210,2022-05-20 05:25:37.688442210
order_73,cust_85,delivered,2022-05-12 16:45:49.748743720,2022-05-12 16:45:49.748743720,2022-05-13 16:45:49.748743720,2022-05-17 01:26:50.050251256,2022-05-22 01:26:50.050251256
order_74,cust_49,delivered,2022-05-14 12:39:47.939698492,2022-05-14 12:39:47.939698492,2022-05-15 12:39:47.939698492,2022-05-18 21:28:02.412060300,2022-05-23 21:28:02.412060300
order_75,cust_22,delivered,2022-05-16 08:33:46.130653266,2022-05-16 08:33:46.130653266,2022-05-17 08:33:46.130653266,2022-05-20 17:29:14.773869346,2022-05-25 17:29:14.773869346
order_76,cust_58,delivered,2022-05-18 04:27:44.321608040,2022-05-18 04:27:44.321608040,2022-05-19 04:27:44.321608040,2022-05-22 13:30:27.135678392,2022-05-27 13:30:27.135678392
order_77,cust_80,delivered,2022-05-20 00:21:42.512562814,2022-05-20 00:21:42.512562814,2022-05-21 00:21:42.512562814,2022-05-24 09:31:39.497487436,2022-05-29 09:31:39.497487436
order_78,cust_35,delivered,2022-05-21 20:15:40.703517588,2022-05-21 20:15:40.703517588,2022-05-22 20:15:40.703517588,2022-05-26 05:32:51.859296482,2022-05-31 05:32:51.859296482
order_79,cust_60,delivered,2022-05-23 16:09:38.894472362,2022-05-23 16:09:38.894472362,2022-05-24 16:09:38.894472362,2022-05-28 01:34:04.221105528,2022-06-02 01:34:04.221105528
order_80,cust_73,delivered,2022-05-25 12:03:37.085427136,2022-05-25 12:03:37.085427136,2022-05-26 12:03:37.085427136,2022-05-29 21:35:16.582914572,2022-06-03 21:35:16.582914572
order_81,cust_33,canceled,2022-05-27 07:57:35.276381910,2022-05-27 07:57:35.276381910,2022-05-28 07:57:35.276381910,2022-05-31 17:36:28.944723618,2022-06-05 17:36:28.944723618
order_82,cust_60,canceled,2022-05-29 03:51:33.467336684,2022-05-29 03:51:33.467336684,2022-05-30 03:51:33.467336684,2022-06-02 13:37:41.306532662,2022-06-07 13:37:41.306532662
order_83,cust_41,shipped,2022-05-30 23:45:31.658291458,2022-05-30 23:45:31.658291458,2022-05-31 23:45:31.658291458,2022-06-04 09:38:53.668341708,2022-06-09 09:38:53.668341708
order_84,cust_3,processing,2022-06-01 19:39:29.849246232,2022-06-01 19:39:29.849246232,2022-06-02 19:39:29.849246232,2022-06-06 05:40:06.030150754,2022-06-11 05:40:06.030150754
order_85,cust_24,delivered,2022-06-03 15:33:28.040201006,2022-06-03 15:33:28.040201006,2022-06-04 15:33:28.040201006,2022-06-08 01:41:18.391959798,2022-06-13 01:41:18.391959798
order_86,cust_24,shipped,2022-06-05 11:27:26.231155780,2022-06-05 11:27:26.231155780,2022-06-06 11:27:26.231155780,2022-06-09 21:42:30.753768844,2022-06-14 21:42:30.753768844
order_87,cust_91,processing,2022-06-07 07:21:24.422110554,2022-06-07 07:21:24.422110554,2022-06-08 07:21:24.422110554,2022-06-11 17:43:43.115577888,2022-06-16 17:43:43.115577888
order_88,cust_68,delivered,2022-06-09 03:15:22.613065328,2022-06-09 03:15:22.613065328,2022-06-10 03:15:22.613065328,2022-06-13 13:44:55.477386934,2022-06-18 13:44:55.477386934
order_89,cust_60,delivered,2022-06-10 23:09:20.804020100,2022-06-10 23:09:20.804020100,2022-06-11 23:09:20.804020100,2022-06-15 09:46:07.839195980,2022-06-20 09:46:07.839195980
order_90,cust_80,delivered,2022-06-12 19:03:18.994974874,2022-06-12 19:03:18.994974874,2022-06-13 19:03:18.994974874,2022-06-17 05:47:20.201005024,2022-06-22 05:47:20.201005024
order_91,cust_22,shipped,2022-06-14 14:57:17.185929648,2022-06-14 14:57:17.185929648,2022-06-15 14:57:17.185929648,2022-06-19 01:48:32.562814070,2022-06-24 01:48:32.562814070
order_92,cust_28,delivered,2022-06-16 10:51:15.376884422,2022-06-16 10:51:15.376884422,2022-06-17 10:51:15.376884422,2022-06-20 21:49:44.924623114,2022-06-25 21:49:44.924623114
order_93,cust_62,delivered,2022-06-18 06:45:13.567839196,2022-06-18 06:45:13.567839196,2022-06-19 06:45:13.567839196,2022-06-22 17:50:57.286432160,2022-06-27 17:50:57.286432160
order_94,cust_74,delivered,2022-06-20 02:39:11.758793970,2022-06-20 02:39:11.758793970,2022-06-21 02:39:11.758793970,2022-06-24 13:52:09.648241206,2022-06-29 13:52:09.648241206
order_95,cust_78,delivered,2022-06-21 22:33:09.949748744,2022-06-21 22:33:09.949748744,2022-06-22 22:33:09.949748744,2022-06-26 09:53:22.010050250,2022-07-01 09:53:22.010050250
order_96,cust_69,delivered,2022-06-23 18:27:08.140703518,2022-06-23 18:27:08.140703518,2022-06-24 18:27:08.140703518,2022-06-28 05:54:34.371859296,2022-07-03 05:54:34.371859296
order_97,cust_86,delivered,2022-06-25 14:21:06.331658292,2022-06-25 14:21:06.331658292,2022-06-26 14:21:06.331658292,2022-06-30 01:55:46.733668340,2022-07-05 01:55:46.733668340
order_98,cust_18,delivered,2022-06-27 10:15:04.522613066,2022-06-27 10:15:04.522613066,2022-06-28 10:15:04.522613066,2022-07-01 21:56:59.095477386,2022-07-06 21:56:59.095477386
order_99,cust_53,delivered,2022-06-29 06:09:02.713567840,2022-06-29 06:09:02.713567840,2022-06-30 06:09:02.713567840,2022-07-03 17:58:11.457286432,2022-07-08 17:58:11.457286432
order_100,cust_70,delivered,2022-07-01 02:03:00.904522614,2022-07-01 02:03:00.904522614,2022-07-02 02:03:00.904522614,2022-07-05 13:59:23.819095476,2022-07-10 13:59:23.819095476
order_101,cust_32,delivered,2022-07-02 21:56:59.095477388,2022-07-02 21:56:59.095477388,2022-07-03 21:56:59.095477388,2022-07-07 10:00:36.180904522,2022-07-12 10:00:36.180904522
order_102,cust_2,delivered,2022-07-04 17:50:57.286432162,2022-07-04 17:50:57.286432162,2022-07-05 17:50:57.286432162,2022-07-09 06:01:48.542713568,2022-07-14 06:01:48.542713568
order_103,cust_67,delivered,2022-07-06 13:44:55.477386936,2022-07-06 13:44:55.477386936,2022-07-07 13:44:55.477386936,2022-07-11 02:03:00.904522612,2022-07-16 02:03:00.904522612
order_104,cust_52,canceled,2022-07-08 09:38:53.668341710,2022-07-08 09:38:53.668341710,2022-07-09 09:38:53.668341710,2022-07-12 22:04:13.266331658,2022-07-17 22:04:13.266331658
order_105,cust_35,shipped,2022-07-10 05:32:51.859296484,2022-07-10 05:32:51.859296484,2022-07-11 05:32:51.859296484,2022-07-14 18:05:25.628140702,2022-07-19 18:05:25.628140702
order_106,cust_76,canceled,2022-07-12 01:26:50.050251256,2022-07-12 01:26:50.050251256,2022-07-13 01:26:50.050251256,2022-07-16 14:06:37.989949748,2022-07-21 14:06:37.989949748
order_107,cust_33,delivered,2022-07-13 21:20:48.241206030,2022-07-13 21:20:48.241206030,2022-07-14 21:20:48.241206030,2022-07-18 10:07:50.351758794,2022-07-23 10:07:50.351758794
order_108,cust_43,processing,2022-07-15 17:14:46.432160804,2022-07-15 17:14:46.432160804,2022-07-16 17:14:46.432160804,2022-07-20 06:09:02.713567838,2022-07-25 06:09:02.713567838
order_109,cust_5,shipped,2022-07-17 13:08:44.623115578,2022-07-17 13:08:44.623115578,2022-07-18 13:08:44.623115578,2022-07-22 02:10:15.075376884,2022-07-27 02:10:15.075376884
order_110,cust_2,delivered,2022-07-19 09:02:42.814070352,2022-07-19 09:02:42.814070352,2022-07-20 09:02:42.814070352,2022-07-23 22:11:27.437185928,2022-07-28 22:11:27.437185928
order_111,cust_82,delivered,2022-07-21 04:56:41.005025126,2022-07-21 04:56:41.005025126,2022-07-22 04:56:41.005025126,2022-07-25 18:12:39.798994974,2022-07-30 18:12:39.798994974
order_112,cust_56,delivered,2022-07-23 00:50:39.195979900,2022-07-23 00:50:39.195979900,2022-07-24 00:50:39.195979900,2022-07-27 14:13:52.160804020,2022-08-01 14:13:52.160804020
order_113,cust_73,delivered,2022-07-24 20:44:37.386934674,2022-07-24 20:44:37.386934674,2022-07-25 20:44:37.386934674,2022-07-29 10:15:04.522613064,2022-08-03 10:15:04.522613064
order_114,cust_58,delivered,2022-07-26 16:38:35.577889448,2022-07-26 16:38:35.577889448,2022-07-27 16:38:35.577889448,2022-07-31 06:16:16.884422110,2022-08-05 06:16:16.884422110
order_115,cust_61,shipped,2022-07-28 12:32:33.768844220,2022-07-28 12:32:33.768844220,2022-07-29 12:32:33.768844220,2022-08-02 02:17:29.246231156,2022-08-07 02:17:29.246231156
order_116,cust_89,canceled,2022-07-30 08:26:31.959798996,2022-07-30 08:26:31.959798996,2022-07-31 08:26:31.959798996,2022-08-03 22:18:41.608040200,2022-08-08 22:18:41.608040200
order_117,cust_67,delivered,2022-08-01 04:20:30.150753768,2022-08-01 04:20:30.150753768,2022-08-02 04:20:30.150753768,2022-08-05 18:19:53.969849244,2022-08-10 18:19:53.969849244
order_118,cust_61,delivered,2022-08-03 00:14:28.341708544,2022-08-03 00:14:28.341708544,2022-08-04 00:14:28.341708544,2022-08-07 14:21:06.331658292,2022-08-12 14:21:06.331658292
order_119,cust_64,delivered,2022-08-04 20:08:26.532663316,2022-08-04 20:08:26.532663316,2022-08-05 20:08:26.532663316,2022-08-09 10:22:18.693467336,2022-08-14 10:22:18.693467336
order_120,cust_74,delivered,2022-08-06 16:02:24.723618092,2022-08-06 16:02:24.723618092,2022-08-07 16:02:24.723618092,2022-08-11 06:23:31.055276380,2022-08-16 06:23:31.055276380
order_121,cust_67,delivered,2022-08-08 11:56:22.914572864,2022-08-08 11:56:22.914572864,2022-08-09 11:56:22.914572864,2022-08-13 02:24:43.417085428,2022-08-18 02:24:43.417085428
order_122,cust_37,delivered,2022-08-10 07:50:21.105527640,2022-08-10 07:50:21.105527640,2022-08-11 07:50:21.105527640,2022-08-14 22:25:55.778894472,2022-08-19 22:25:55.778894472
order_123,cust_10,delivered,2022-08-12 03:44:19.296482412,2022-08-12 03:44:19.296482412,2022-08-13 03:44:19.296482412,2022-08-16 18:27:08.140703516,2022-08-21 18:27:08.140703516
order_124,cust_49,delivered,2022-08-13 23:38:17.487437188,2022-08-13 23:38:17.487437188,2022-08-14 23:38:17.487437188,2022-08-18 14:28:20.502512560,2022-08-23 14:28:20.502512560
order_125,cust_96,shipped,2022-08-15 19:32:15.678391960,2022-08-15 19:32:15.678391960,2022-08-16 19:32:15.678391960,2022-08-20 10:29:32.864321608,2022-08-25 10:29:32.864321608
order_126,cust_81,delivered,2022-08-17 15:26:13.869346736,2022-08-17 15:26:13.869346736,2022-08-18 15:26:13.869346736,2022-08-22 06:30:45.226130652,2022-08-27 06:30:45.226130652
order_127,cust_100,canceled,2022-08-19 11:20:12.060301508,2022-08-19 11:20:12.060301508,2022-08-20 11:20:12.060301508,2022-08-24 02:31:57.587939696,2022-08-29 02:31:57.587939696
order_128,cust_21,delivered,2022-08-21 07:14:10.251256284,2022-08-21 07:14:10.251256284,2022-08-22 07:14:10.251256284,2022-08-25 22:33:09.949748744,2022-08-30 22:33:09.949748744
order_129,cust_52,delivered,2022-08-23 03:08:08.442211056,2022-08-23 03:08:08.442211056,2022-08-24 03:08:08.442211056,2022-08-27 18:34:22.311557788,2022-09-01 18:34:22.311557788
order_130,cust_53,delivered,2022-08-24 23:02:06.633165828,2022-08-24 23:02:06.633165828,2022-08-25 23:02:06.633165828,2022-08-29 14:35:34.673366832,2022-09-03 14:35:34.673366832
order_131,cust_42,delivered,2022-08-26 18:56:04.824120604,2022-08-26 18:56:04.824120604,2022-08-27 18:56:04.824120604,2022-08-31 10:36:47.035175880,2022-09-05 10:36:47.035175880
order_132,cust_11,delivered,2022-08-28 14:50:03.015075376,2022-08-28 14:50:03.015075376,2022-08-29 14:50:03.015075376,2022-09-02 06:37:59.396984924,2022-09-07 06:37:59.396984924
order_133,cust_74,delivered,2022-08-30 10:44:01.206030152,2022-08-30 10:44:01.206030152,2022-08-31 10:44:01.206030152,2022-09-04 02:39:11.758793968,2022-09-09 02:39:11.758793968
order_134,cust_85,delivered,2022-09-01 06:37:59.396984924,2022-09-01 06:37:59.396984924,2022-09-02 06:37:59.396984924,2022-09-05 22:40:24.120603016,2022-09-10 22:40:24.120603016
order_135,cust_32,processing,2022-09-03 02:31:57.587939700,2022-09-03 02:31:57.587939700,2022-09-04 02:31:57.587939700,2022-09-07 18:41:36.482412060,2022-09-12 18:41:36.482412060
order_136,cust_65,delivered,2022-09-04 22:25:55.778894472,2022-09-04 22:25:55.778894472,2022-09-05 22:25:55.778894472,2022-09-09 14:42:48.844221104,2022-09-14 14:42:48.844221104
order_137,cust_93,shipped,2022-09-06 18:19:53.969849248,2022-09-06 18:19:53.969849248,2022-09-07 18:19:53.969849248,2022-09-11 10:44:01.206030148,2022-09-16 10:44:01.206030148
order_138,cust_34,delivered,2022-09-08 14:13:52.160804020,2022-09-08 14:13:52.160804020,2022-09-09 14:13:52.160804020,2022-09-13 06:45:13.567839196,2022-09-18 06:45:13.567839196
order_139,cust_62,delivered,2022-09-10 10:07:50.351758796,2022-09-10 10:07:50.351758796,2022-09-11 10:07:50.351758796,2022-09-15 02:46:25.929648240,2022-09-20 02:46:25.929648240
order_140,cust_11,delivered,2022-09-12 06:01:48.542713568,2022-09-12 06:01:48.542713568,2022-09-13 06:01:48.542713568,2022-09-16 22:47:38.291457284,2022-09-21 22:47:38.291457284
order_141,cust_70,delivered,2022-09-14 01:55:46.733668344,2022-09-14 01:55:46.733668344,2022-09-15 01:55:46.733668344,2022-09-18 18:48:50.653266332,2022-09-23 18:48:50.653266332
order_142,cust_46,processing,2022-09-15 21:49:44.924623116,2022-09-15 21:49:44.924623116,2022-09-16 21:49:44.924623116,2022-09-20 14:50:03.015075376,2022-09-25 14:50:03.015075376
order_143,cust_54,shipped,2022-09-17 17:43:43.115577892,2022-09-17 17:43:43.115577892,2022-09-18 17:43:43.115577892,2022-09-22 10:51:15.376884420,2022-09-27 10:51:15.376884420
order_144,cust_11,processing,2022-09-19 13:37:41.306532664,2022-09-19 13:37:41.306532664,2022-09-20 13:37:41.306532664,2022-09-24 06:52:27.738693468,2022-09-29 06:52:27.738693468
order_145,cust_55,delivered,2022-09-21 09:31:39.497487440,2022-09-21 09:31:39.497487440,2022-09-22 09:31:39.497487440,2022-09-26 02:53:40.100502512,2022-10-01 02:53:40.100502512
order_146,cust_53,processing,2022-09-23 05:25:37.688442212,2022-09-23 05:25:37.688442212,2022-09-24 05:25:37.688442212,2022-09-27 22:54:52.462311556,2022-10-02 22:54:52.462311556
order_147,cust_16,canceled,2022-09-25 01:19:35.879396984,2022-09-25 01:19:35.879396984,2022-09-26 01:19:35.879396984,2022-09-29 18:56:04.824120600,2022-10-04 18:56:04.824120600
order_148,cust_75,delivered,2022-09-26 21:13:34.070351760,2022-09-26 21:13:34.070351760,2022-09-27 21:13:34.070351760,2022-10-01 14:57:17.185929648,2022-10-06 14:57:17.185929648
order_149,cust_22,shipped,2022-09-28 17:07:32.261306532,2022-09-28 17:07:32.261306532,2022-09-29 17:07:32.261306532,2022-10-03 10:58:29.547738692,2022-10-08 10:58:29.547738692
order_150,cust_62,delivered,2022-09-30 13:01:30.452261308,2022-09-30 13:01:30.452261308,2022-10-01 13:01:30.452261308,2022-10-05 06:59:41.909547736,2022-10-10 06:59:41.909547736
order_151,cust_85,shipped,2022-10-02 08:55:28.643216080,2022-10-02 08:55:28.643216080,2022-10-03 08:55:28.643216080,2022-10-07 03:00:54.271356784,2022-10-12 03:00:54.271356784
order_152,cust_48,delivered,2022-10-04 04:49:26.834170856,2022-10-04 04:49:26.834170856,2022-10-05 04:49:26.834170856,2022-10-08 23:02:06.633165828,2022-10-13 23:02:06.633165828
order_153,cust_57,delivered,2022-10-06 00:43:25.025125628,2022-10-06 00:43:25.025125628,2022-10-07 00:43:25.025125628,2022-10-10 19:03:18.994974872,2022-10-15 19:03:18.994974872
order_154,cust_5,processing,2022-10-07 20:37:23.216080404,2022-10-07 20:37:23.216080404,2022-10-08 20:37:23.216080404,2022-10-12 15:04:31.356783920,2022-10-17 15:04:31.356783920
order_155,cust_64,delivered,2022-10-09 16:31:21.407035176,2022-10-09 16:31:21.407035176,2022-10-10 16:31:21.407035176,2022-10-14 11:05:43.718592964,2022-10-19 11:05:43.718592964
order_156,cust_1,shipped,2022-10-11 12:25:19.597989952,2022-10-11 12:25:19.597989952,2022-10-12 12:25:19.597989952,2022-10-16 07:06:56.080402008,2022-10-21 07:06:56.080402008
order_157,cust_46,delivered,2022-10-13 08:19:17.788944724,2022-10-13 08:19:17.788944724,2022-10-14 08:19:17.788944724,2022-10-18 03:08:08.442211056,2022-10-23 03:08:08.442211056
order_158,cust_31,shipped,2022-10-15 04:13:15.979899500,2022-10-15 04:13:15.979899500,2022-10-16 04:13:15.979899500,2022-10-19 23:09:20.804020100,2022-10-24 23:09:20.804020100
order_159,cust_27,canceled,2022-10-17 00:07:14.170854272,2022-10-17 00:07:14.170854272,2022-10-18 00:07:14.170854272,2022-10-21 19:10:33.165829144,2022-10-26 19:10:33.165829144
order_160,cust_5,shipped,2022-10-18 20:01:12.361809048,2022-10-18 20:01:12.361809048,2022-10-19 20:01:12.361809048,2022-10-23 15:11:45.527638188,2022-10-28 15:11:45.527638188
order_161,cust_7,delivered,2022-10-20 15:55:10.552763820,2022-10-20 15:55:10.552763820,2022-10-21 15:55:10.552763820,2022-10-25 11:12:57.889447236,2022-10-30 11:12:57.889447236
order_162,cust_14,processing,2022-10-22 11:49:08.743718592,2022-10-22 11:49:08.743718592,2022-10-23 11:49:08.743718592,2022-10-27 07:14:10.251256280,2022-11-01 07:14:10.251256280
order_163,cust_79,shipped,2022-10-24 07:43:06.934673368,2022-10-24 07:43:06.934673368,2022-10-25 07:43:06.934673368,2022-10-29 03:15:22.613065324,2022-11-03 03:15:22.613065324
order_164,cust_85,delivered,2022-10-26 03:37:05.125628140,2022-10-26 03:37:05.125628140,2022-10-27 03:37:05.125628140,2022-10-30 23:16:34.974874372,2022-11-04 23:16:34.974874372
order_165,cust_80,delivered,2022-10-27 23:31:03.316582916,2022-10-27 23:31:03.316582916,2022-10-28 23:31:03.316582916,2022-11-01 19:17:47.336683416,2022-11-06 19:17:47.336683416
order_166,cust_98,processing,2022-10-29 19:25:01.507537688,2022-10-29 19:25:01.507537688,2022-10-30 19:25:01.507537688,2022-11-03 15:18:59.698492460,2022-11-08 15:18:59.698492460
order_167,cust_5,canceled,2022-10-31 15:18:59.698492464,2022-10-31 15:18:59.698492464,2022-11-01 15:18:59.698492464,2022-11-05 11:20:12.060301508,2022-11-10 11:20:12.060301508
order_168,cust_76,canceled,2022-11-02 11:12:57.889447236,2022-11-02 11:12:57.889447236,2022-11-03 11:12:57.889447236,2022-11-07 07:21:24.422110552,2022-11-12 07:21:24.422110552
order_169,cust_35,delivered,2022-11-04 07:06:56.080402012,2022-11-04 07:06:56.080402012,2022-11-05 07:06:56.080402012,2022-11-09 03:22:36.783919596,2022-11-14 03:22:36.783919596
order_170,cust_27,canceled,2022-11-06 03:00:54.271356784,2022-11-06 03:00:54.271356784,2022-11-07 03:00:54.271356784,2022-11-10 23:23:49.145728640,2022-11-15 23:23:49.145728640
order_171,cust_13,delivered,2022-11-07 22:54:52.462311560,2022-11-07 22:54:52.462311560,2022-11-08 22:54:52.462311560,2022-11-12 19:25:01.507537688,2022-11-17 19:25:01.507537688
order_172,cust_59,shipped,2022-11-09 18:48:50.653266332,2022-11-09 18:48:50.653266332,2022-11-10 18:48:50.653266332,2022-11-14 15:26:13.869346732,2022-11-19 15:26:13.869346732
order_173,cust_63,delivered,2022-11-11 14:42:48.844221108,2022-11-11 14:42:48.844221108,2022-11-12 14:42:48.844221108,2022-11-16 11:27:26.231155776,2022-11-21 11:27:26.231155776
order_174,cust_15,delivered,2022-11-13 10:36:47.035175880,2022-11-13 10:36:47.035175880,2022-11-14 10:36:47.035175880,2022-11-18 07:28:38.592964824,2022-11-23 07:28:38.592964824
order_175,cust_66,processing,2022-11-15 06:30:45.226130656,2022-11-15 06:30:45.226130656,2022-11-16 06:30:45.226130656,2022-11-20 03:29:50.954773868,2022-11-25 03:29:50.954773868
order_176,cust_52,processing,2022-11-17 02:24:43.417085428,2022-11-17 02:24:43.417085428,2022-11-18 02:24:43.417085428,2022-11-21 23:31:03.316582912,2022-11-26 23:31:03.316582912
order_177,cust_42,delivered,2022-11-18 22:18:41.608040200,2022-11-18 22:18:41.608040200,2022-11-19 22:18:41.608040200,2022-11-23 19:32:15.678391960,2022-11-28 19:32:15.678391960
order_178,cust_65,processing,2022-11-20 18:12:39.798994976,2022-11-20 18:12:39.798994976,2022-11-21 18:12:39.798994976,2022-11-25 15:33:28.040201004,2022-11-30 15:33:28.040201004
order_179,cust_61,delivered,2022-11-22 14:06:37.989949748,2022-11-22 14:06:37.989949748,2022-11-23 14:06:37.989949748,2022-11-27 11:34:40.402010048,2022-12-02 11:34:40.402010048
order_180,cust_74,delivered,2022-11-24 10:00:36.180904524,2022-11-24 10:00:36.180904524,2022-11-25 10:00:36.180904524,2022-11-29 07:35:52.763819096,2022-12-04 07:35:52.763819096
order_181,cust_15,delivered,2022-11-26 05:54:34.371859296,2022-11-26 05:54:34.371859296,2022-11-27 05:54:34.371859296,2022-12-01 03:37:05.125628140,2022-12-06 03:37:05.125628140
order_182,cust_6,delivered,2022-11-28 01:48:32.562814072,2022-11-28 01:48:32.562814072,2022-11-29 01:48:32.562814072,2022-12-02 23:38:17.487437184,2022-12-07 23:38:17.487437184
order_183,cust_25,canceled,2022-11-29 21:42:30.753768844,2022-11-29 21:42:30.753768844,2022-11-30 21:42:30.753768844,2022-12-04 19:39:29.849246228,2022-12-09 19:39:29.849246228
order_184,cust_4,delivered,2022-12-01 17:36:28.944723620,2022-12-01 17:36:28.944723620,2022-12-02 17:36:28.944723620,2022-12-06 15:40:42.211055276,2022-12-11 15:40:42.211055276
order_185,cust_20,shipped,2022-12-03 13:30:27.135678392,2022-12-03 13:30:27.135678392,2022-12-04 13:30:27.135678392,2022-12-08 11:41:54.572864320,2022-12-13 11:41:54.572864320
order_186,cust_41,shipped,2022-12-05 09:24:25.326633168,2022-12-05 09:24:25.326633168,2022-12-06 09:24:25.326633168,2022-12-10 07:43:06.934673364,2022-12-15 07:43:06.934673364
order_187,cust_7,delivered,2022-12-07 05:18:23.517587940,2022-12-07 05:18:23.517587940,2022-12-08 05:18:23.517587940,2022-12-12 03:44:19.296482412,2022-12-17 03:44:19.296482412
order_188,cust_2,delivered,2022-12-09 01:12:21.708542716,2022-12-09 01:12:21.708542716,2022-12-10 01:12:21.708542716,2022-12-13 23:45:31.658291456,2022-12-18 23:45:31.658291456
order_189,cust_50,shipped,2022-12-10 21:06:19.899497488,2022-12-10 21:06:19.899497488,2022-12-11 21:06:19.899497488,2022-12-15 19:46:44.020100500,2022-12-20 19:46:44.020100500
order_190,cust_69,processing,2022-12-12 17:00:18.090452264,2022-12-12 17:00:18.090452264,2022-12-13 17:00:18.090452264,2022-12-17 15:47:56.381909548,2022-12-22 15:47:56.381909548
order_191,cust_66,shipped,2022-12-14 12:54:16.281407036,2022-12-14 12:54:16.281407036,2022-12-15 12:54:16.281407036,2022-12-19 11:49:08.743718592,2022-12-24 11:49:08.743718592
order_192,cust_24,delivered,2022-12-16 08:48:14.472361812,2022-12-16 08:48:14.472361812,2022-12-17 08:48:14.472361812,2022-12-21 07:50:21.105527636,2022-12-26 07:50:21.105527636
order_193,cust_59,canceled,2022-12-18 04:42:12.663316584,2022-12-18 04:42:12.663316584,2022-12-19 04:42:12.663316584,2022-12-23 03:51:33.467336680,2022-12-28 03:51:33.467336680
order_194,cust_99,delivered,2022-12-20 00:36:10.854271356,2022-12-20 00:36:10.854271356,2022-12-21 00:36:10.854271356,2022-12-24 23:52:45.829145728,2022-12-29 23:52:45.829145728
order_195,cust_6,canceled,2022-12-21 20:30:09.045226132,2022-12-21 20:30:09.045226132,2022-12-22 20:30:09.045226132,2022-12-26 19:53:58.190954772,2022-12-31 19:53:58.190954772
order_196,cust_7,delivered,2022-12-23 16:24:07.236180904,2022-12-23 16:24:07.236180904,2022-12-24 16:24:07.236180904,2022-12-28 15:55:10.552763816,2023-01-02 15:55:10.552763816
order_197,cust_58,delivered,2022-12-25 12:18:05.427135680,2022-12-25 12:18:05.427135680,2022-12-26 12:18:05.427135680,2022-12-30 11:56:22.914572864,2023-01-04 11:56:22.914572864
order_198,cust_34,delivered,2022-12-27 08:12:03.618090452,2022-12-27 08:12:03.618090452,2022-12-28 08:12:03.618090452,2023-01-01 07:57:35.276381908,2023-01-06 07:57:35.276381908
order_199,cust_89,delivered,2022-12-29 04:06:01.809045228,2022-12-29 04:06:01.809045228,2022-12-30 04:06:01.809045228,2023-01-03 03:58:47.638190952,2023-01-08 03:58:47.638190952
order_200,cust_65,delivered,2022-12-31 00:00:00.000000000,2022-12-31 00:00:00.000000000,2023-01-01 00:00:00.000000000,2023-01-05 00:00:00.000000000,2023-01-10 00:00:00.000000000
