review_id,order_id,review_score,review_comment_title,review_comment_message,review_creation_date,review_answer_timestamp
review_1,order_1,2,,,2022-01-01 00:00:00.000000000,2022-01-02 00:00:00.000000000
review_2,order_2,5,,Message 2,2022-01-02 19:53:58.190954773,2022-01-03 19:53:58.190954773
review_3,order_3,1,Title 3,,2022-01-04 15:47:56.381909547,2022-01-05 15:47:56.381909547
review_4,order_4,2,,Message 4,2022-01-06 11:41:54.572864321,2022-01-07 11:41:54.572864321
review_5,order_5,3,,,2022-01-08 07:35:52.763819095,2022-01-09 07:35:52.763819095
review_6,order_6,2,Title 6,Message 6,2022-01-10 03:29:50.954773869,2022-01-11 03:29:50.954773869
review_7,order_7,2,,,2022-01-11 23:23:49.145728643,2022-01-12 23:23:49.145728643
review_8,order_8,5,,Message 8,2022-01-13 19:17:47.336683417,2022-01-14 19:17:47.336683417
review_9,order_9,4,Title 9,,2022-01-15 15:11:45.527638191,2022-01-16 15:11:45.527638191
review_10,order_10,2,,Message 10,2022-01-17 11:05:43.718592965,2022-01-18 11:05:43.718592965
review_11,order_11,5,,,2022-01-19 06:59:41.909547738,2022-01-20 06:59:41.909547738
review_12,order_12,5,Title 12,Message 12,2022-01-21 02:53:40.100502512,2022-01-22 02:53:40.100502512
review_13,order_13,3,,,2022-01-22 22:47:38.291457286,2022-01-23 22:47:38.291457286
review_14,order_14,1,,Message 14,2022-01-24 18:41:36.482412060,2022-01-25 18:41:36.482412060
review_15,order_15,5,Title 15,,2022-01-26 14:35:34.673366834,2022-01-27 14:35:34.673366834
review_16,order_16,5,,Message 16,2022-01-28 10:29:32.864321608,2022-01-29 10:29:32.864321608
review_17,order_17,3,,,2022-01-30 06:23:31.055276382,2022-01-31 06:23:31.055276382
review_18,order_18,2,Title 18,Message 18,2022-02-01 02:17:29.246231156,2022-02-02 02:17:29.246231156
review_19,order_19,3,,,2022-02-02 22:11:27.437185930,2022-02-03 22:11:27.437185930
review_20,order_20,4,,Message 20,2022-02-04 18:05:25.628140703,2022-02-05 18:05:25.628140703
review_21,order_21,2,Title 21,,2022-02-06 13:59:23.819095477,2022-02-07 13:59:23.819095477
review_22,order_22,5,,Message 22,2022-02-08 09:53:22.010050251,2022-02-09 09:53:22.010050251
review_23,order_23,1,,,2022-02-10 05:47:20.201005025,2022-02-11 05:47:20.201005025
review_24,order_24,1,Title 24,Message 24,2022-02-12 01:41:18.391959799,2022-02-13 01:41:18.391959799
review_25,order_25,3,,,2022-02-13 21:35:16.582914573,2022-02-14 21:35:16.582914573
review_26,order_26,2,,Message 26,2022-02-15 17:29:14.773869347,2022-02-16 17:29:14.773869347
review_27,order_27,4,Title 27,,2022-02-17 13:23:12.964824121,2022-02-18 13:23:12.964824121
review_28,order_28,5,,Message 28,2022-02-19 09:17:11.155778894,2022-02-20 09:17:11.155778894
review_29,order_29,4,,,2022-02-21 05:11:09.346733668,2022-02-22 05:11:09.346733668
review_30,order_30,5,Title 30,Message 30,2022-02-23 01:05:07.537688442,2022-02-24 01:05:07.537688442
review_31,order_31,2,,,2022-02-24 20:59:05.728643216,2022-02-25 20:59:05.728643216
review_32,order_32,2,,Message 32,2022-02-26 16:53:03.919597990,2022-02-27 16:53:03.919597990
review_33,order_33,5,Title 33,,2022-02-28 12:47:02.110552764,2022-03-01 12:47:02.110552764
review_34,order_34,4,,Message 34,2022-03-02 08:41:00.301507538,2022-03-03 08:41:00.301507538
review_35,order_35,3,,,2022-03-04 04:34:58.492462312,2022-03-05 04:34:58.492462312
review_36,order_36,4,Title 36,Message 36,2022-03-06 00:28:56.683417086,2022-03-07 00:28:56.683417086
review_37,order_37,5,,,2022-03-07 20:22:54.874371860,2022-03-08 20:22:54.874371860
review_38,order_38,4,,Message 38,2022-03-09 16:16:53.065326633,2022-03-10 16:16:53.065326633
review_39,order_39,5,Title 39,,2022-03-11 12:10:51.256281407,2022-03-12 12:10:51.256281407
review_40,order_40,3,,Message 40,2022-03-13 08:04:49.447236181,2022-03-14 08:04:49.447236181
review_41,order_41,5,,,2022-03-15 03:58:47.638190955,2022-03-16 03:58:47.638190955
review_42,order_42,3,Title 42,Message 42,2022-03-16 23:52:45.829145729,2022-03-17 23:52:45.829145729
review_43,order_43,4,,,2022-03-18 19:46:44.020100503,2022-03-19 19:46:44.020100503
review_44,order_44,4,,Message 44,2022-03-20 15:40:42.211055277,2022-03-21 15:40:42.211055277
review_45,order_45,3,Title 45,,2022-03-22 11:34:40.402010050,2022-03-23 11:34:40.402010050
review_46,order_46,5,,Message 46,2022-03-24 07:28:38.592964824,2022-03-25 07:28:38.592964824
review_47,order_47,4,,,2022-03-26 03:22:36.783919598,2022-03-27 03:22:36.783919598
review_48,order_48,5,Title 48,Message 48,2022-03-27 23:16:34.974874372,2022-03-28 23:16:34.974874372
review_49,order_49,1,,,2022-03-29 19:10:33.165829146,2022-03-30 19:10:33.165829146
review_50,order_50,3,,Message 50,2022-03-31 15:04:31.356783920,2022-04-01 15:04:31.356783920
review_51,order_51,2,Title 51,,2022-04-02 10:58:29.547738694,2022-04-03 10:58:29.547738694
review_52,order_52,3,,Message 52,2022-04-04 06:52:27.738693468,2022-04-05 06:52:27.738693468
review_53,order_53,4,,,2022-04-06 02:46:25.929648242,2022-04-07 02:46:25.929648242
review_54,order_54,5,Title 54,Message 54,2022-04-07 22:40:24.120603015,2022-04-08 22:40:24.120603015
review_55,order_55,4,,,2022-04-09 18:34:22.311557789,2022-04-10 18:34:22.311557789
review_56,order_56,4,,Message 56,2022-04-11 14:28:20.502512563,2022-04-12 14:28:20.502512563
review_57,order_57,2,Title 57,,2022-04-13 10:22:18.693467337,2022-04-14 10:22:18.693467337
review_58,order_58,5,,Message 58,2022-04-15 06:16:16.884422110,2022-04-16 06:16:16.884422110
review_59,order_59,5,,,2022-04-17 02:10:15.075376884,2022-04-18 02:10:15.075376884
review_60,order_60,4,Title 60,Message 60,2022-04-18 22:04:13.266331658,2022-04-19 22:04:13.266331658
review_61,order_61,1,,,2022-04-20 17:58:11.457286432,2022-04-21 17:58:11.457286432
review_62,order_62,4,,Message 62,2022-04-22 13:52:09.648241206,2022-04-23 13:52:09.648241206
review_63,order_63,4,Title 63,,2022-04-24 09:46:07.839195980,2022-04-25 09:46:07.839195980
review_64,order_64,3,,Message 64,2022-04-26 05:40:06.030150754,2022-04-27 05:40:06.030150754
review_65,order_65,4,,,2022-04-28 01:34:04.221105528,2022-04-29 01:34:04.221105528
review_66,order_66,4,Title 66,Message 66,2022-04-29 21:28:02.412060302,2022-04-30 21:28:02.412060302
review_67,order_67,3,,,2022-05-01 17:22:00.603015076,2022-05-02 17:22:00.603015076
review_68,order_68,4,,Message 68,2022-05-03 13:15:58.793969850,2022-05-04 13:15:58.793969850
review_69,order_69,4,Title 69,,2022-05-05 09:09:56.984924624,2022-05-06 09:09:56.984924624
review_70,order_70,5,,Message 70,2022-05-07 05:03:55.175879398,2022-05-08 05:03:55.175879398
review_71,order_71,3,,,2022-05-09 00:57:53.366834172,2022-05-10 00:57:53.366834172
review_72,order_72,4,Title 72,Message 72,2022-05-10 20:51:51.557788946,2022-05-11 20:51:51.557788946
review_73,order_73,5,,,2022-05-12 16:45:49.748743720,2022-05-13 16:45:49.748743720
review_74,order_74,2,,Message 74,2022-05-14 12:39:47.939698492,2022-05-15 12:39:47.939698492
review_75,order_75,4,Title 75,,2022-05-16 08:33:46.130653266,2022-05-17 08:33:46.130653266
review_76,order_76,2,,Message 76,2022-05-18 04:27:44.321608040,2022-05-19 04:27:44.321608040
review_77,order_77,4,,,2022-05-20 00:21:42.512562814,2022-05-21 00:21:42.512562814
review_78,order_78,1,Title 78,Message 78,2022-05-21 20:15:40.703517588,2022-05-22 20:15:40.703517588
review_79,order_79,1,,,2022-05-23 16:09:38.894472362,2022-05-24 16:09:38.894472362
review_80,order_80,1,,Message 80,2022-05-25 12:03:37.085427136,2022-05-26 12:03:37.085427136
review_81,order_81,1,Title 81,,2022-05-27 07:57:35.276381910,2022-05-28 07:57:35.276381910
review_82,order_82,5,,Message 82,2022-05-29 03:51:33.467336684,2022-05-30 03:51:33.467336684
review_83,order_83,5,,,2022-05-30 23:45:31.658291458,2022-05-31 23:45:31.658291458
review_84,order_84,5,Title 84,Message 84,2022-06-01 19:39:29.849246232,2022-06-02 19:39:29.849246232
review_85,order_85,5,,,2022-06-03 15:33:28.040201006,2022-06-04 15:33:28.040201006
review_86,order_86,2,,Message 86,2022-06-05 11:27:26.231155780,2022-06-06 11:27:26.231155780
review_87,order_87,5,Title 87,,2022-06-07 07:21:24.422110554,2022-06-08 07:21:24.422110554
review_88,order_88,3,,Message 88,2022-06-09 03:15:22.613065328,2022-06-10 03:15:22.613065328
review_89,order_89,3,,,2022-06-10 23:09:20.804020100,2022-06-11 23:09:20.804020100
review_90,order_90,1,Title 90,Message 90,2022-06-12 19:03:18.994974874,2022-06-13 19:03:18.994974874
review_91,order_91,1,,,2022-06-14 14:57:17.185929648,2022-06-15 14:57:17.185929648
review_92,order_92,2,,Message 92,2022-06-16 10:51:15.376884422,2022-06-17 10:51:15.376884422
review_93,order_93,3,Title 93,,2022-06-18 06:45:13.567839196,2022-06-19 06:45:13.567839196
review_94,order_94,2,,Message 94,2022-06-20 02:39:11.758793970,2022-06-21 02:39:11.758793970
review_95,order_95,3,,,2022-06-21 22:33:09.949748744,2022-06-22 22:33:09.949748744
review_96,order_96,4,Title 96,Message 96,2022-06-23 18:27:08.140703518,2022-06-24 18:27:08.140703518
review_97,order_97,2,,,2022-06-25 14:21:06.331658292,2022-06-26 14:21:06.331658292
review_98,order_98,5,,Message 98,2022-06-27 10:15:04.522613066,2022-06-28 10:15:04.522613066
review_99,order_99,4,Title 99,,2022-06-29 06:09:02.713567840,2022-06-30 06:09:02.713567840
review_100,order_100,1,,Message 100,2022-07-01 02:03:00.904522614,2022-07-02 02:03:00.904522614
review_101,order_101,3,,,2022-07-02 21:56:59.095477388,2022-07-03 21:56:59.095477388
review_102,order_102,4,Title 102,Message 102,2022-07-04 17:50:57.286432162,2022-07-05 17:50:57.286432162
review_103,order_103,5,,,2022-07-06 13:44:55.477386936,2022-07-07 13:44:55.477386936
review_104,order_104,3,,Message 104,2022-07-08 09:38:53.668341710,2022-07-09 09:38:53.668341710
review_105,order_105,5,Title 105,,2022-07-10 05:32:51.859296484,2022-07-11 05:32:51.859296484
review_106,order_106,4,,Message 106,2022-07-12 01:26:50.050251256,2022-07-13 01:26:50.050251256
review_107,order_107,2,,,2022-07-13 21:20:48.241206030,2022-07-14 21:20:48.241206030
review_108,order_108,4,Title 108,Message 108,2022-07-15 17:14:46.432160804,2022-07-16 17:14:46.432160804
review_109,order_109,4,,,2022-07-17 13:08:44.623115578,2022-07-18 13:08:44.623115578
review_110,order_110,4,,Message 110,2022-07-19 09:02:42.814070352,2022-07-20 09:02:42.814070352
review_111,order_111,1,Title 111,,2022-07-21 04:56:41.005025126,2022-07-22 04:56:41.005025126
review_112,order_112,5,,Message 112,2022-07-23 00:50:39.195979900,2022-07-24 00:50:39.195979900
review_113,order_113,2,,,2022-07-24 20:44:37.386934674,2022-07-25 20:44:37.386934674
review_114,order_114,4,Title 114,Message 114,2022-07-26 16:38:35.577889448,2022-07-27 16:38:35.577889448
review_115,order_115,4,,,2022-07-28 12:32:33.768844220,2022-07-29 12:32:33.768844220
review_116,order_116,2,,Message 116,2022-07-30 08:26:31.959798996,2022-07-31 08:26:31.959798996
review_117,order_117,5,Title 117,,2022-08-01 04:20:30.150753768,2022-08-02 04:20:30.150753768
review_118,order_118,4,,Message 118,2022-08-03 00:14:28.341708544,2022-08-04 00:14:28.341708544
review_119,order_119,3,,,2022-08-04 20:08:26.532663316,2022-08-05 20:08:26.532663316
review_120,order_120,2,Title 120,Message 120,2022-08-06 16:02:24.723618092,2022-08-07 16:02:24.723618092
review_121,order_121,2,,,2022-08-08 11:56:22.914572864,2022-08-09 11:56:22.914572864
review_122,order_122,4,,Message 122,2022-08-10 07:50:21.105527640,2022-08-11 07:50:21.105527640
review_123,order_123,3,Title 123,,2022-08-12 03:44:19.296482412,2022-08-13 03:44:19.296482412
review_124,order_124,5,,Message 124,2022-08-13 23:38:17.487437188,2022-08-14 23:38:17.487437188
review_125,order_125,5,,,2022-08-15 19:32:15.678391960,2022-08-16 19:32:15.678391960
review_126,order_126,3,Title 126,Message 126,2022-08-17 15:26:13.869346736,2022-08-18 15:26:13.869346736
review_127,order_127,1,,,2022-08-19 11:20:12.060301508,2022-08-20 11:20:12.060301508
review_128,order_128,4,,Message 128,2022-08-21 07:14:10.251256284,2022-08-22 07:14:10.251256284
review_129,order_129,1,Title 129,,2022-08-23 03:08:08.442211056,2022-08-24 03:08:08.442211056
review_130,order_130,3,,Message 130,2022-08-24 23:02:06.633165828,2022-08-25 23:02:06.633165828
review_131,order_131,3,,,2022-08-26 18:56:04.824120604,2022-08-27 18:56:04.824120604
review_132,order_132,3,Title 132,Message 132,2022-08-28 14:50:03.015075376,2022-08-29 14:50:03.015075376
review_133,order_133,5,,,2022-08-30 10:44:01.206030152,2022-08-31 10:44:01.206030152
review_134,order_134,2,,Message 134,2022-09-01 06:37:59.396984924,2022-09-02 06:37:59.396984924
review_135,order_135,1,Title 135,,2022-09-03 02:31:57.587939700,2022-09-04 02:31:57.587939700
review_136,order_136,5,,Message 136,2022-09-04 22:25:55.778894472,2022-09-05 22:25:55.778894472
review_137,order_137,2,,,2022-09-06 18:19:53.969849248,2022-09-07 18:19:53.969849248
review_138,order_138,3,Title 138,Message 138,2022-09-08 14:13:52.160804020,2022-09-09 14:13:52.160804020
review_139,order_139,4,,,2022-09-10 10:07:50.351758796,2022-09-11 10:07:50.351758796
review_140,order_140,5,,Message 140,2022-09-12 06:01:48.542713568,2022-09-13 06:01:48.542713568
review_141,order_141,5,Title 141,,2022-09-14 01:55:46.733668344,2022-09-15 01:55:46.733668344
review_142,order_142,5,,Message 142,2022-09-15 21:49:44.924623116,2022-09-16 21:49:44.924623116
review_143,order_143,1,,,2022-09-17 17:43:43.115577892,2022-09-18 17:43:43.115577892
review_144,order_144,3,Title 144,Message 144,2022-09-19 13:37:41.306532664,2022-09-20 13:37:41.306532664
review_145,order_145,5,,,2022-09-21 09:31:39.497487440,2022-09-22 09:31:39.497487440
review_146,order_146,3,,Message 146,2022-09-23 05:25:37.688442212,2022-09-24 05:25:37.688442212
review_147,order_147,4,Title 147,,2022-09-25 01:19:35.879396984,2022-09-26 01:19:35.879396984
review_148,order_148,3,,Message 148,2022-09-26 21:13:34.070351760,2022-09-27 21:13:34.070351760
review_149,order_149,3,,,2022-09-28 17:07:32.261306532,2022-09-29 17:07:32.261306532
review_150,order_150,2,Title 150,Message 150,2022-09-30 13:01:30.452261308,2022-10-01 13:01:30.452261308
review_151,order_151,3,,,2022-10-02 08:55:28.643216080,2022-10-03 08:55:28.643216080
review_152,order_152,4,,Message 152,2022-10-04 04:49:26.834170856,2022-10-05 04:49:26.834170856
review_153,order_153,3,Title 153,,2022-10-06 00:43:25.025125628,2022-10-07 00:43:25.025125628
review_154,order_154,3,,Message 154,2022-10-07 20:37:23.216080404,2022-10-08 20:37:23.216080404
review_155,order_155,2,,,2022-10-09 16:31:21.407035176,2022-10-10 16:31:21.407035176
review_156,order_156,1,Title 156,Message 156,2022-10-11 12:25:19.597989952,2022-10-12 12:25:19.597989952
review_157,order_157,5,,,2022-10-13 08:19:17.788944724,2022-10-14 08:19:17.788944724
review_158,order_158,3,,Message 158,2022-10-15 04:13:15.979899500,2022-10-16 04:13:15.979899500
review_159,order_159,1,Title 159,,2022-10-17 00:07:14.170854272,2022-10-18 00:07:14.170854272
review_160,order_160,2,,Message 160,2022-10-18 20:01:12.361809048,2022-10-19 20:01:12.361809048
review_161,order_161,5,,,2022-10-20 15:55:10.552763820,2022-10-21 15:55:10.552763820
review_162,order_162,4,Title 162,Message 162,2022-10-22 11:49:08.743718592,2022-10-23 11:49:08.743718592
review_163,order_163,5,,,2022-10-24 07:43:06.934673368,2022-10-25 07:43:06.934673368
review_164,order_164,4,,Message 164,2022-10-26 03:37:05.125628140,2022-10-27 03:37:05.125628140
review_165,order_165,3,Title 165,,2022-10-27 23:31:03.316582916,2022-10-28 23:31:03.316582916
review_166,order_166,2,,Message 166,2022-10-29 19:25:01.507537688,2022-10-30 19:25:01.507537688
review_167,order_167,2,,,2022-10-31 15:18:59.698492464,2022-11-01 15:18:59.698492464
review_168,order_168,5,Title 168,Message 168,2022-11-02 11:12:57.889447236,2022-11-03 11:12:57.889447236
review_169,order_169,3,,,2022-11-04 07:06:56.080402012,2022-11-05 07:06:56.080402012
review_170,order_170,2,,Message 170,2022-11-06 03:00:54.271356784,2022-11-07 03:00:54.271356784
review_171,order_171,5,Title 171,,2022-11-07 22:54:52.462311560,2022-11-08 22:54:52.462311560
review_172,order_172,2,,Message 172,2022-11-09 18:48:50.653266332,2022-11-10 18:48:50.653266332
review_173,order_173,2,,,2022-11-11 14:42:48.844221108,2022-11-12 14:42:48.844221108
review_174,order_174,3,Title 174,Message 174,2022-11-13 10:36:47.035175880,2022-11-14 10:36:47.035175880
review_175,order_175,2,,,2022-11-15 06:30:45.226130656,2022-11-16 06:30:45.226130656
review_176,order_176,4,,Message 176,2022-11-17 02:24:43.417085428,2022-11-18 02:24:43.417085428
review_177,order_177,2,Title 177,,2022-11-18 22:18:41.608040200,2022-11-19 22:18:41.608040200
review_178,order_178,1,,Message 178,2022-11-20 18:12:39.798994976,2022-11-21 18:12:39.798994976
review_179,order_179,3,,,2022-11-22 14:06:37.989949748,2022-11-23 14:06:37.989949748
review_180,order_180,2,Title 180,Message 180,2022-11-24 10:00:36.180904524,2022-11-25 10:00:36.180904524
review_181,order_181,5,,,2022-11-26 05:54:34.371859296,2022-11-27 05:54:34.371859296
review_182,order_182,4,,Message 182,2022-11-28 01:48:32.562814072,2022-11-29 01:48:32.562814072
review_183,order_183,4,Title 183,,2022-11-29 21:42:30.753768844,2022-11-30 21:42:30.753768844
review_184,order_184,5,,Message 184,2022-12-01 17:36:28.944723620,2022-12-02 17:36:28.944723620
review_185,order_185,3,,,2022-12-03 13:30:27.135678392,2022-12-04 13:30:27.135678392
review_186,order_186,2,Title 186,Message 186,2022-12-05 09:24:25.326633168,2022-12-06 09:24:25.326633168
review_187,order_187,3,,,2022-12-07 05:18:23.517587940,2022-12-08 05:18:23.517587940
review_188,order_188,3,,Message 188,2022-12-09 01:12:21.708542716,2022-12-10 01:12:21.708542716
review_189,order_189,3,Title 189,,2022-12-10 21:06:19.899497488,2022-12-11 21:06:19.899497488
review_190,order_190,3,,Message 190,2022-12-12 17:00:18.090452264,2022-12-13 17:00:18.090452264
review_191,order_191,5,,,2022-12-14 12:54:16.281407036,2022-12-15 12:54:16.281407036
review_192,order_192,5,Title 192,Message 192,2022-12-16 08:48:14.472361812,2022-12-17 08:48:14.472361812
review_193,order_193,4,,,2022-12-18 04:42:12.663316584,2022-12-19 04:42:12.663316584
review_194,order_194,3,,Message 194,2022-12-20 00:36:10.854271356,2022-12-21 00:36:10.854271356
review_195,order_195,2,Title 195,,2022-12-21 20:30:09.045226132,2022-12-22 20:30:09.045226132
review_196,order_196,3,,Message 196,2022-12-23 16:24:07.236180904,2022-12-24 16:24:07.236180904
review_197,order_197,1,,,2022-12-25 12:18:05.427135680,2022-12-26 12:18:05.427135680
review_198,order_198,2,Title 198,Message 198,2022-12-27 08:12:03.618090452,2022-12-28 08:12:03.618090452
review_199,order_199,1,,,2022-12-29 04:06:01.809045228,2022-12-30 04:06:01.809045228
review_200,order_200,3,,Message 200,2022-12-31 00:00:00.000000000,2023-01-01 00:00:00.000000000
